sign,tau,path
311.8776308769,0.4009453182,0
310.3669887947,0.4009453182,0
310.3669887947,0.4009453182,0
315.672022292,4.8797978975,0
315.672022292,4.8797978975,0
305.0477263295,17.4264526118,0
305.0477263295,17.4264526118,0
310.3598743108,30.427837992,0
310.3598743108,30.427837992,0
315.672022292,42.5270964062,0
315.672022292,42.5270964062,0
317.9415426573,54.6287996088,0
317.9415426573,54.6287996088,0
298.2249362661,64.9311384565,0
298.2249362661,64.9311384565,0
302.0122131974,74.7934153696,0
302.0122131974,74.7934153696,0
311.8776308769,83.7560101051,0
311.8776308769,83.7560101051,0
292.1539100018,90.4767337625,0
292.1539100018,90.4767337625,0
296.7071797,98.5420911091,0
296.7071797,98.5420911091,0
295.1894231339,93.6133974411,0
295.1894231339,93.6133974411,0
291.3950317187,85.5480400945,0
291.3950317187,85.5480400945,0
285.3240054544,93.6133974411,0
285.3240054544,93.6133974411,0
286.0828837375,96.7500611197,0
286.0828837375,96.7500611197,0
282.2884923223,86.8951185722,0
282.2884923223,86.8951185722,0
283.7991344045,88.2397522614,0
283.7991344045,88.2397522614,0
295.18230865,99.4417732866,0
295.18230865,99.4417732866,0
287.5935258196,92.2687637519,0
287.5935258196,92.2687637519,0
280.0047429893,86.447722272,0
280.0047429893,86.447722272,0
282.2813778384,96.3026648195,0
282.2813778384,96.3026648195,0
292.9056738009,97.202346997,0
292.9056738009,97.202346997,0
271.6641963598,86.447722272,0
271.6641963598,86.447722272,0
292.1467955179,92.2687637519,0
292.1467955179,92.2687637519,0
271.6641963598,98.9943769864,0
271.6641963598,98.9943769864,0
286.8417620205,90.9216852742,0
286.8417620205,90.9216852742,0
270.1464397937,84.648357917,0
270.1464397937,84.648357917,0
286.0828837375,94.9580311303,0
286.0828837375,94.9580311303,0
283.0402561214,99.8867247983,0
283.0402561214,99.8867247983,0
287.5935258196,90.0293374623,0
287.5935258196,90.0293374623,0
280.0047429893,86.8951185722,0
280.0047429893,86.8951185722,0
273.1748384419,98.9943769864,0
273.1748384419,98.9943769864,0
280.0118574732,96.7500611197,0
280.0118574732,96.7500611197,0
271.6641963598,84.648357917,0
271.6641963598,84.648357917,0
278.4941009071,90.4767337625,0
278.4941009071,90.4767337625,0
270.9053180767,98.5420911091,0
270.9053180767,98.5420911091,0
272.4159601589,90.0293374623,0
272.4159601589,90.0293374623,0
278.4869864232,87.3400700839,0
278.4869864232,87.3400700839,0
289.8772751527,99.4417732866,0
289.8772751527,99.4417732866,0
268.6215687437,96.7500611197,0
268.6215687437,96.7500611197,0
274.6997094919,85.1030885828,0
274.6997094919,85.1030885828,0
280.7707357562,90.9216852742,0
280.7707357562,90.9216852742,0
269.3875615106,98.9943769864,0
269.3875615106,98.9943769864,0
276.2103515741,90.9216852742,0
276.2103515741,90.9216852742,0
281.5224995553,84.648357917,0
281.5224995553,84.648357917,0
275.4585877749,94.9580311303,0
275.4585877749,94.9580311303,0
273.1748384419,99.8867247983,0
273.1748384419,99.8867247983,0
277.742337108,90.0293374623,0
277.742337108,90.0293374623,0
270.1464397937,87.3400700839,0
270.1464397937,87.3400700839,0
273.9408312089,99.4417732866,0
273.9408312089,99.4417732866,0
279.2529791901,97.202346997,0
279.2529791901,97.202346997,0
271.6713108437,85.1030885828,0
271.6713108437,85.1030885828,0
278.4869864232,90.9216852742,0
278.4869864232,90.9216852742,0
276.976344341,99.8867247983,0
276.976344341,99.8867247983,0
264.0754135294,91.37641594,0
264.0754135294,91.37641594,0
270.1464397937,85.5480400945,0
270.1464397937,85.5480400945,0
276.976344341,95.8577133078,0
276.976344341,95.8577133078,0
274.6997094919,97.6497432972,0
274.6997094919,97.6497432972,0
275.4585877749,85.9954363948,0
275.4585877749,85.9954363948,0
273.1819529258,87.3400700839,0
273.1819529258,87.3400700839,0
276.217466058,99.4417732866,0
276.217466058,99.4417732866,0
282.2884923223,93.1684459294,0
282.2884923223,93.1684459294,0
279.2458647062,86.8951185722,0
279.2458647062,86.8951185722,0
258.7561510642,97.202346997,0
258.7561510642,97.202346997,0
275.4657022588,98.9943769864,0
275.4657022588,98.9943769864,0
266.3520483785,87.3400700839,0
266.3520483785,87.3400700839,0
273.1819529258,88.6847037731,0
273.1819529258,88.6847037731,0
271.6641963598,100.3390106756,0
271.6641963598,100.3390106756,0
273.1819529258,94.5130796186,0
273.1819529258,94.5130796186,0
270.1464397937,85.1030885828,0
270.1464397937,85.1030885828,0
272.4159601589,93.1684459294,0
272.4159601589,93.1684459294,0
280.0047429893,98.9943769864,0
280.0047429893,98.9943769864,0
263.3165352463,88.6847037731,0
263.3165352463,88.6847037731,0
270.1464397937,85.9954363948,0
270.1464397937,85.9954363948,0
263.3094207624,98.0946948089,0
263.3094207624,98.0946948089,0
278.4869864232,95.8577133078,0
278.4869864232,95.8577133078,0
261.7916641964,84.2034064053,0
261.7916641964,84.2034064053,0
268.6286832276,89.5843859506,0
268.6286832276,89.5843859506,0
271.6641963598,100.7864069758,0
271.6641963598,100.7864069758,0
268.6286832276,94.9580311303,0
268.6286832276,94.9580311303,0
269.3875615106,85.9954363948,0
269.3875615106,85.9954363948,0
276.217466058,94.0583489528,0
276.217466058,94.0583489528,0
261.0399003972,98.5420911091,0
261.0399003972,98.5420911091,0
267.1109266615,88.6847037731,0
267.1109266615,88.6847037731,0
258.7632655481,85.9954363948,0
258.7632655481,85.9954363948,0
253.4511175668,98.0946948089,0
253.4511175668,98.0946948089,0
269.3804470267,95.8577133078,0
269.3804470267,95.8577133078,0
279.2529791901,84.2034064053,0
279.2529791901,84.2034064053,0
257.9972727812,89.5843859506,0
257.9972727812,89.5843859506,0
267.1109266615,101.2313584875,0
267.1109266615,101.2313584875,0
272.4230746428,95.402982642,0
272.4230746428,95.402982642,0
273.1819529258,86.447722272,0
273.1819529258,86.447722272,0
266.3520483785,94.0583489528,0
266.3520483785,94.0583489528,0
265.5860556115,99.4417732866,0
265.5860556115,99.4417732866,0
266.3520483785,89.5843859506,0
266.3520483785,89.5843859506,0
263.3094207624,86.8951185722,0
263.3094207624,86.8951185722,0
266.3520483785,98.9943769864,0
266.3520483785,98.9943769864,0
276.976344341,96.7500611197,0
276.976344341,96.7500611197,0
269.3875615106,85.5480400945,0
269.3875615106,85.5480400945,0
257.245508982,90.9216852742,0
257.245508982,90.9216852742,0
270.9053180767,99.4417732866,0
270.9053180767,99.4417732866,0
270.9053180767,91.8213674517,0
270.9053180767,91.8213674517,0
267.1109266615,85.5480400945,0
267.1109266615,85.5480400945,0
261.0399003972,95.8577133078,0
261.0399003972,95.8577133078,0
263.3165352463,97.6497432972,0
263.3165352463,97.6497432972,0
259.5150293472,86.447722272,0
259.5150293472,86.447722272,0
267.1109266615,87.3400700839,0
267.1109266615,87.3400700839,0
269.3804470267,99.4417732866,0
269.3804470267,99.4417732866,0
266.3591628624,93.6133974411,0
266.3591628624,93.6133974411,0
257.2526234659,84.648357917,0
257.2526234659,84.648357917,0
260.2881365981,92.2687637519,0
260.2881365981,92.2687637519,0
268.6215687437,100.3390106756,0
268.6215687437,100.3390106756,0
251.1815972016,92.7210496292,0
251.1815972016,92.7210496292,0
257.2383944981,86.447722272,0
257.2383944981,86.447722272,0
264.8342918124,96.7500611197,0
264.8342918124,96.7500611197,0
266.3520483785,98.9943769864,0
266.3520483785,98.9943769864,0
258.011501749,87.3400700839,0
258.011501749,87.3400700839,0
265.5931700955,88.6847037731,0
265.5931700955,88.6847037731,0
264.0754135294,100.3390106756,0
264.0754135294,100.3390106756,0
270.1464397937,94.5130796186,0
270.1464397937,94.5130796186,0
270.1464397937,85.5480400945,0
270.1464397937,85.5480400945,0
264.0754135294,93.1684459294,0
264.0754135294,93.1684459294,0
271.6499673919,98.5420911091,0
271.6499673919,98.5420911091,0
264.0754135294,88.6847037731,0
264.0754135294,88.6847037731,0
256.4795162151,85.9954363948,0
256.4795162151,85.9954363948,0
264.8342918124,98.0946948089,0
264.8342918124,98.0946948089,0
261.7987786803,95.8577133078,0
261.7987786803,95.8577133078,0
252.6993537677,84.2034064053,0
252.6993537677,84.2034064053,0
260.2881365981,89.5843859506,0
260.2881365981,89.5843859506,0
254.2171103338,100.7864069758,0
254.2171103338,100.7864069758,0
261.0399003972,94.9580311303,0
261.0399003972,94.9580311303,0
252.6851247999,85.9954363948,0
252.6851247999,85.9954363948,0
260.2739076303,93.6133974411,0
260.2739076303,93.6133974411,0
253.4511175668,98.9943769864,0
253.4511175668,98.9943769864,0
260.2881365981,89.1321000733,0
260.2881365981,89.1321000733,0
251.9404754847,86.447722272,0
251.9404754847,86.447722272,0
246.6212130195,98.5420911091,0
246.6212130195,98.5420911091,0
252.6922392838,96.3026648195,0
252.6922392838,96.3026648195,0
258.7561510642,84.648357917,0
258.7561510642,84.648357917,0
251.1744827177,90.0293374623,0
251.1744827177,90.0293374623,0
267.8698049446,98.5420911091,0
267.8698049446,98.5420911091,0
273.1890674097,91.37641594,0
273.1890674097,91.37641594,0
256.4937451829,85.1030885828,0
256.4937451829,85.1030885828,0
250.4227189186,94.9580311303,0
250.4227189186,94.9580311303,0
258.011501749,99.8867247983,0
258.011501749,99.8867247983,0
249.6638406356,90.0293374623,0
249.6638406356,90.0293374623,0
251.1744827177,86.8951185722,0
251.1744827177,86.8951185722,0
260.2739076303,98.9943769864,0
260.2739076303,98.9943769864,0
267.1109266615,96.7500611197,0
267.1109266615,96.7500611197,0
264.0754135294,85.5480400945,0
264.0754135294,85.5480400945,0
243.5856998874,90.9216852742,0
243.5856998874,90.9216852742,0
260.2881365981,99.4417732866,0
260.2881365981,99.4417732866,0
266.3520483785,91.8213674517,0
266.3520483785,91.8213674517,0
249.6638406356,85.5480400945,0
249.6638406356,85.5480400945,0
257.245508982,95.8577133078,0
257.245508982,95.8577133078,0
259.5221438311,97.6497432972,0
259.5221438311,97.6497432972,0
265.5931700955,86.447722272,0
265.5931700955,86.447722272,0
257.9972727812,87.3400700839,0
257.9972727812,87.3400700839,0
251.9404754847,98.9943769864,0
251.9404754847,98.9943769864,0
258.0043872651,93.1684459294,0
258.0043872651,93.1684459294,0
255.7348668999,84.648357917,0
255.7348668999,84.648357917,0
248.1389695856,92.2687637519,0
248.1389695856,92.2687637519,0
265.5931700955,100.7864069758,0
265.5931700955,100.7864069758,0
258.011501749,92.7210496292,0
258.011501749,92.7210496292,0
249.6567261517,86.8951185722,0
249.6567261517,86.8951185722,0
261.7987786803,97.202346997,0
261.7987786803,97.202346997,0
241.3161795221,98.0946948089,0
241.3161795221,98.0946948089,0
255.727752416,86.8951185722,0
255.727752416,86.8951185722,0
253.4582320508,88.2397522614,0
253.4582320508,88.2397522614,0
247.3872057864,99.8867247983,0
247.3872057864,99.8867247983,0
254.2099958499,94.0583489528,0
254.2099958499,94.0583489528,0
245.8623347365,85.1030885828,0
245.8623347365,85.1030885828,0
253.4511175668,92.7210496292,0
253.4511175668,92.7210496292,0
246.6212130195,98.0946948089,0
246.6212130195,98.0946948089,0
262.5576569633,88.6847037731,0
262.5576569633,88.6847037731,0
254.2171103338,85.5480400945,0
254.2171103338,85.5480400945,0
262.5505424794,97.6497432972,0
262.5505424794,97.6497432972,0
255.727752416,98.9943769864,0
255.727752416,98.9943769864,0
261.7987786803,87.7850215956,0
261.7987786803,87.7850215956,0
254.2171103338,89.1321000733,0
254.2171103338,89.1321000733,0
261.7987786803,100.7864069758,0
261.7987786803,100.7864069758,0
254.2099958499,94.9580311303,0
254.2099958499,94.9580311303,0
251.1744827177,85.9954363948,0
251.1744827177,85.9954363948,0
258.7561510642,93.6133974411,0
258.7561510642,93.6133974411,0
238.2877808739,98.5420911091,0
238.2877808739,98.5420911091,0
266.3520483785,89.1321000733,0
266.3520483785,89.1321000733,0
248.9049623525,85.9954363948,0
248.9049623525,85.9954363948,0
243.5856998874,98.0946948089,0
243.5856998874,98.0946948089,0
250.4227189186,96.3026648195,0
234.4222446197,84.6336891859,1
236.6988794688,92.2540950208,1
236.6988794688,92.2540950208,1
245.0465405822,100.7717382446,1
245.0465405822,100.7717382446,1
252.6353234126,93.59872871,1
252.6353234126,93.59872871,1
244.2947767831,84.1814033086,1
244.2947767831,84.1814033086,1
242.0252564179,91.8066987206,1
242.0252564179,91.8066987206,1
251.1246813304,100.7717382446,1
251.1246813304,100.7717382446,1
242.777020217,93.1513324097,1
242.777020217,93.1513324097,1
234.4293591036,86.8731154755,1
234.4293591036,86.8731154755,1
237.4648722357,96.7353923886,1
237.4648722357,96.7353923886,1
235.1882373866,98.9797082552,1
235.1882373866,98.9797082552,1
236.6988794688,87.3254013528,1
236.6988794688,87.3254013528,1
243.5358985,88.670035042,1
243.5358985,88.670035042,1
237.4577577518,100.3243419444,1
237.4577577518,100.3243419444,1
244.2947767831,94.9433623992,1
244.2947767831,94.9433623992,1
236.7059939527,85.5260369978,1
236.7059939527,85.5260369978,1
244.2947767831,93.1513324097,1
244.2947767831,93.1513324097,1
237.4577577518,98.532311955,1
237.4577577518,98.532311955,1
248.8480464813,89.1149865537,1
248.8480464813,89.1149865537,1
249.5998102804,85.9807676636,1
249.5998102804,85.9807676636,1
248.8409319974,98.0800260777,1
248.8409319974,98.0800260777,1
250.3586885635,96.2879960883,1
250.3586885635,96.2879960883,1
240.493270884,84.6336891859,1
240.493270884,84.6336891859,1
238.9826288018,90.0146687312,1
238.9826288018,90.0146687312,1
242.018141934,101.6714204221,1
242.018141934,101.6714204221,1
239.7415070848,95.8430445766,1
239.7415070848,95.8430445766,1
245.8125333491,86.4257191753,1
245.8125333491,86.4257191753,1
238.9826288018,94.0436802217,1
238.9826288018,94.0436802217,1
242.018141934,99.4246597669,1
242.018141934,99.4246597669,1
248.8409319974,90.0146687312,1
248.8409319974,90.0146687312,1
240.493270884,86.8731154755,1
240.493270884,86.8731154755,1
234.4293591036,98.9797082552,1
234.4293591036,98.9797082552,1
242.018141934,97.1876782658,1
242.018141934,97.1876782658,1
233.6704808205,85.5260369978,1
233.6704808205,85.5260369978,1
241.2592636509,90.4620650314,1
241.2592636509,90.4620650314,1
234.4293591036,99.4246597669,1
234.4293591036,99.4246597669,1
231.3938459714,91.8066987206,1
231.3938459714,91.8066987206,1
232.9044880536,85.9807676636,1
232.9044880536,85.9807676636,1
231.3938459714,95.8430445766,1
231.3938459714,95.8430445766,1
238.9826288018,98.0800260777,1
238.9826288018,98.0800260777,1
240.5074998518,86.8731154755,1
219.2660224106,85.540705729,2
240.5288433035,93.1684459294,2
240.5288433035,93.1684459294,2
234.4507025553,99.001711352,2
234.4507025553,99.001711352,2
225.3370486749,89.1247657078,2
225.3370486749,89.1247657078,2
233.6989387562,86.4330535409,2
233.6989387562,86.4330535409,2
226.1030414419,98.1020291745,2
226.1030414419,98.1020291745,2
234.4507025553,96.3026648195,2
234.4507025553,96.3026648195,2
225.3441631588,85.0884198517,2
225.3441631588,85.0884198517,2
233.6989387562,90.0244478853,2
233.6989387562,90.0244478853,2
232.1811821901,99.001711352,2
232.1811821901,99.001711352,2
223.8264065928,91.3690815744,2
223.8264065928,91.3690815744,2
225.3512776427,85.540705729,2
225.3512776427,85.540705729,2
223.0675283097,95.4103170076,2
223.0675283097,95.4103170076,2
231.422303907,97.6497432972,2
231.422303907,97.6497432972,2
231.422303907,85.9856572406,2
231.422303907,85.9856572406,2
222.3015355428,87.7776872301,2
222.3015355428,87.7776872301,2
220.7908934606,99.8940591639,2
220.7908934606,99.8940591639,2
228.3867907749,98.1020291745,2
228.3867907749,98.1020291745,2
219.2731368945,85.9856572406,2
219.2731368945,85.9856572406,2
226.1101559258,87.3327357184,2
226.1101559258,87.3327357184,2
220.0320151776,99.8940591639,2
220.0320151776,99.8940591639,2
223.0604138258,98.1020291745,2
223.0604138258,98.1020291745,2
219.2660224106,86.4330535409,2
219.2660224106,86.4330535409,2
226.8619197249,91.8213674517,2
226.8619197249,91.8213674517,2
230.663425624,100.3463450412,2
230.663425624,100.3463450412,2
227.6207980079,93.1684459294,2
227.6207980079,93.1684459294,2
228.3867907749,86.8853394181,2
228.3867907749,86.8853394181,2
235.9755736053,96.7573954853,2
235.9755736053,96.7573954853,2
227.6207980079,99.001711352,2
227.6207980079,99.001711352,2
220.0249006937,87.7776872301,2
220.0249006937,87.7776872301,2
230.6563111401,89.1247657078,2
230.6563111401,89.1247657078,2
232.9329459892,100.7937413414,2
232.9329459892,100.7937413414,2
230.6563111401,94.9580311303,2
230.6563111401,94.9580311303,2
230.663425624,86.4330535409,2
230.663425624,86.4330535409,2
223.0604138258,94.0656833184,2
223.0604138258,94.0656833184,2
235.9755736053,99.4466628637,2
235.9755736053,99.4466628637,2
226.8619197249,89.577051585,2
226.8619197249,89.577051585,2
218.5071441276,86.8853394181,2
218.5071441276,86.8853394181,2
226.1030414419,99.001711352,2
226.1030414419,99.001711352,2
227.6279124918,97.202346997,2
207.1595423015,87.8216934235,3
213.2234540819,99.9160622606,3
213.2234540819,99.9160622606,3
213.9752178811,93.1953386032,3
213.9752178811,93.1953386032,3
198.8118811881,84.2400782332,3
198.8118811881,84.2400782332,3
206.4006640185,93.1953386032,3
206.4006640185,93.1953386032,3
207.9113061007,99.0237144487,3
207.9113061007,99.0237144487,3
204.8757929685,88.2690897237,3
204.8757929685,88.2690897237,3
210.9468192328,85.5847119224,3
210.9468192328,85.5847119224,3
213.216339598,98.5714285714,3
213.216339598,98.5714285714,3
207.1524278176,95.8870507701,3
207.1524278176,95.8870507701,3
204.8829074524,86.4770597343,3
204.8829074524,86.4770597343,3
210.9468192328,95.8870507701,3
210.9468192328,95.8870507701,3
212.4645757989,97.6790807595,3
212.4645757989,97.6790807595,3
198.8261101559,86.4770597343,3
198.8261101559,86.4770597343,3
204.8829074524,93.1953386032,3
204.8829074524,93.1953386032,3
220.0391296615,98.5714285714,3
220.0391296615,98.5714285714,3
204.1240291694,87.8216934235,3
204.1240291694,87.8216934235,3
198.8261101559,90.5134055904,3
198.8261101559,90.5134055904,3
212.4645757989,99.0237144487,3
212.4645757989,99.0237144487,3
206.4006640185,90.5134055904,3
206.4006640185,90.5134055904,3
215.4858599632,87.8216934235,3
215.4858599632,87.8216934235,3
210.9468192328,99.4686659604,3
210.9468192328,99.4686659604,3
211.7056975159,92.7503870915,3
211.7056975159,92.7503870915,3
197.3012391059,86.9293456116,3
197.3012391059,86.9293456116,3
204.8829074524,98.1240322712,3
204.8829074524,98.1240322712,3
206.4006640185,95.4420992584,3
206.4006640185,95.4420992584,3
210.1808264659,86.4770597343,3
210.1808264659,86.4770597343,3
209.4361771506,95.4420992584,3
209.4361771506,95.4420992584,3
211.7056975159,97.6790807595,3
211.7056975159,97.6790807595,3
204.8829074524,86.0296634341,3
204.8829074524,86.0296634341,3
202.6133870872,92.7503870915,3
202.6133870872,92.7503870915,3
208.6701843837,100.8157444381,3
208.6701843837,100.8157444381,3
209.4219481828,92.3029907913,3
209.4219481828,92.3029907913,3
203.3651508863,86.4770597343,3
203.3651508863,86.4770597343,3
214.741210648,97.2316844593,3
214.741210648,97.2316844593,3
216.2518527302,99.4686659604,3
216.2518527302,99.4686659604,3
207.9184205846,87.3767419118,3
190.4286476552,85.9954363948,4
186.6129127883,93.1733355065,4
186.6129127883,93.1733355065,4
193.4783897551,98.5640942059,4
193.4783897551,98.5640942059,4
194.2372680382,87.3400700839,4
194.2372680382,87.3400700839,4
190.4286476552,90.4840681281,4
190.4286476552,90.4840681281,4
198.8118811881,99.4637763833,4
198.8118811881,99.4637763833,4
200.3296377542,90.0293374623,4
200.3296377542,90.0293374623,4
194.2230390704,87.7850215956,4
194.2230390704,87.7850215956,4
192.7123969882,99.4637763833,4
192.7123969882,99.4637763833,4
194.2372680382,92.7283839948,4
194.2372680382,92.7283839948,4
191.1875259382,86.4403879064,4
191.1875259382,86.4403879064,4
185.8611489892,98.1093635401,4
185.8611489892,98.1093635401,4
198.8047667042,94.9726998615,4
198.8047667042,94.9726998615,4
195.7621390882,85.9954363948,4
195.7621390882,85.9954363948,4
191.9392897374,95.4200961617,4
191.9392897374,95.4200961617,4
197.2870101381,97.2170157281,4
197.2870101381,97.2170157281,4
197.2798956542,85.9954363948,4
197.2798956542,85.9954363948,4
185.0951562222,93.1733355065,4
185.0951562222,93.1733355065,4
198.0458884212,98.5640942059,4
198.0458884212,98.5640942059,4
191.967747673,87.3400700839,4
191.967747673,87.3400700839,4
201.0956305211,90.4840681281,4
201.0956305211,90.4840681281,4
195.7479101204,99.0090457175,4
195.7479101204,99.0090457175,4
187.3860200391,89.5843859506,4
187.3860200391,89.5843859506,4
203.3722653702,87.7850215956,4
203.3722653702,87.7850215956,4
201.8473943203,99.4637763833,4
201.8473943203,99.4637763833,4
202.6133870872,92.2760981175,4
202.6133870872,92.2760981175,4
188.1448983222,86.4403879064,4
188.1448983222,86.4403879064,4
191.9535187052,98.1093635401,4
191.9535187052,98.1093635401,4
195.7550246043,94.5204139842,4
195.7550246043,94.5204139842,4
192.7123969882,85.540705729,4
192.7123969882,85.540705729,4
199.5636449873,94.9726998615,4
199.5636449873,94.9726998615,4
201.0885160372,100.3536794067,4
201.0885160372,100.3536794067,4
186.6271417561,89.5843859506,4
186.6271417561,89.5843859506,4
191.1875259382,87.3400700839,4
191.1875259382,87.3400700839,4
194.2372680382,99.908727895,4
194.2372680382,99.908727895,4
192.7123969882,97.2170157281,4
192.7123969882,97.2170157281,4
185.8540345052,85.0957542173,4
192.1669532223,84.1300627496,5
188.6761131203,87.8143590579,5
190.3788462679,87.8143590579,5
190.3788462679,84.1300627496,5
188.6761131203,84.1300627496,5
192.1669532223,87.8143590579,5
188.3369893876,91.325075381,5
184.8461492856,95.0093716893,5
186.63425624,95.0093716893,5
186.63425624,91.325075381,5
184.8461492856,91.325075381,5
188.3369893876,95.0093716893,5
195.2285527954,96.7647298509,5
191.6547103812,100.4490261592,5
193.4428173356,100.4490261592,5
193.4428173356,96.7647298509,5
191.6547103812,96.7647298509,5
195.2285527954,100.4490261592,5
195.9945455623,85.5333713634,5
192.4207031482,89.1321000733,5
194.2088101026,89.1321000733,5
194.2088101026,85.5333713634,5
192.4207031482,85.5333713634,5
195.9945455623,89.1321000733,5
192.1669532223,88.6040257518,5
188.6761131203,92.2907668487,5
190.3788462679,92.2907668487,5
190.3788462679,88.6040257518,5
188.6761131203,88.6040257518,5
192.1669532223,92.2907668487,5
200.590502164,97.6424089316,5
197.0166597498,101.32670524,5
198.8047667042,101.32670524,5
198.8047667042,97.6424089316,5
197.0166597498,97.6424089316,5
200.590502164,101.32670524,5
202.0394853857,88.1664086057,5
198.5486452837,91.850704914,5
200.2513784313,91.850704914,5
200.2513784313,88.1664086057,5
198.5486452837,88.1664086057,5
202.0394853857,91.850704914,5
195.9945455623,85.973433298,5
192.4207031482,89.6577296064,5
194.2088101026,89.6577296064,5
194.2088101026,85.973433298,5
192.4207031482,85.973433298,5
195.9945455623,89.6577296064,5
194.4649315231,97.6424089316,5
190.8887176143,101.32670524,5
192.6768245687,101.32670524,5
192.6768245687,97.6424089316,5
190.8887176143,97.6424089316,5
194.4649315231,101.32670524,5
195.9945455623,90.8850134463,5
192.4207031482,94.5717545432,5
194.2088101026,94.5717545432,5
194.2088101026,90.8850134463,5
192.4207031482,90.8850134463,5
195.9945455623,94.5717545432,5
192.9329459892,84.5676798957,5
189.3567320804,88.2544209926,5
191.1448390348,88.2544209926,5
191.1448390348,84.5676798957,5
189.3567320804,84.5676798957,5
192.9329459892,88.2544209926,5
187.6563704275,96.3246679162,5
184.0801565186,99.9233966262,5
185.8682634731,99.9233966262,5
185.8682634731,96.3246679162,5
184.0801565186,96.3246679162,5
187.6563704275,99.9233966262,5
200.5074998518,93.1684459294,5
197.0166597498,96.8527422378,5
198.8047667042,96.8527422378,5
198.8047667042,93.1684459294,5
197.0166597498,93.1684459294,5
200.5074998518,96.8527422378,5
197.5289025909,84.1300627496,5
193.952688682,87.8143590579,5
195.7407956364,87.8143590579,5
195.7407956364,84.1300627496,5
193.952688682,84.1300627496,5
197.5289025909,87.8143590579,5
193.6989387562,93.6060630755,5
190.1227248473,97.2903593839,5
191.9108318017,97.2903593839,5
191.9108318017,93.6060630755,5
190.1227248473,93.6060630755,5
193.6989387562,97.2903593839,5
199.0608881247,95.3614212371,5
195.4846742159,99.0457175454,5
197.2727811703,99.0457175454,5
197.2727811703,95.3614212371,5
195.4846742159,95.3614212371,5
199.0608881247,99.0457175454,5
199.0608881247,84.1300627496,5
195.4846742159,87.8143590579,5
197.2727811703,87.8143590579,5
197.2727811703,84.1300627496,5
195.4846742159,84.1300627496,5
199.0608881247,87.8143590579,5
186.8903776605,91.325075381,5
183.3141637517,95.0093716893,5
185.1022707061,95.0093716893,5
185.1022707061,91.325075381,5
183.3141637517,91.325075381,5
186.8903776605,95.0093716893,5
199.8268808917,96.7647298509,5
196.2506669829,100.4490261592,5
198.0387739373,100.4490261592,5
198.0387739373,96.7647298509,5
196.2506669829,96.7647298509,5
199.8268808917,100.4490261592,5
193.6989387562,85.5333713634,5
190.2080986542,89.1321000733,5
191.9108318017,89.1321000733,5
191.9108318017,85.5333713634,5
190.2080986542,85.5333713634,5
193.6989387562,89.1321000733,5
202.8054781526,88.6040257518,5
199.3146380506,92.2907668487,5
201.0173711982,92.2907668487,5
201.0173711982,88.6040257518,5
199.3146380506,88.6040257518,5
202.8054781526,92.2907668487,5
197.5289025909,97.202346997,5
193.952688682,100.8890880939,5
195.7407956364,100.8890880939,5
195.7407956364,97.202346997,5
193.952688682,97.202346997,5
197.5289025909,100.8890880939,5
189.1859844667,87.7287914595,5
185.6121420525,91.4130877679,5
187.4002490069,91.4130877679,5
187.4002490069,87.7287914595,5
185.6121420525,87.7287914595,5
189.1859844667,91.4130877679,5
205.1034564534,85.973433298,5
201.5272425446,89.6577296064,5
203.315349499,89.6577296064,5
203.315349499,85.973433298,5
201.5272425446,85.973433298,5
205.1034564534,89.6577296064,5
203.5714709195,97.6424089316,5
199.9952570107,101.32670524,5
201.7833639651,101.32670524,5
201.7833639651,97.6424089316,5
199.9952570107,97.6424089316,5
203.5714709195,101.32670524,5
204.3374636865,90.4473963002,5
200.7612497777,94.1316926086,5
202.5493567321,94.1316926086,5
202.5493567321,90.4473963002,5
200.7612497777,90.4473963002,5
204.3374636865,94.1316926086,5
189.8689749214,84.5676798957,5
186.3781348195,88.2544209926,5
188.1662417739,88.2544209926,5
188.1662417739,84.5676798957,5
186.3781348195,84.5676798957,5
189.8689749214,88.2544209926,5
193.6989387562,96.3246679162,5
190.1227248473,99.9233966262,5
191.9108318017,99.9233966262,5
191.9108318017,96.3246679162,5
190.1227248473,96.3246679162,5
193.6989387562,99.9233966262,5
197.5289025909,92.7283839948,5
193.952688682,96.3246679162,5
195.7407956364,96.3246679162,5
195.7407956364,92.7283839948,5
193.952688682,92.7283839948,5
197.5289025909,96.3246679162,5
194.4649315231,83.6900008149,5
190.8887176143,87.3767419118,5
192.6768245687,87.3767419118,5
192.6768245687,83.6900008149,5
190.8887176143,83.6900008149,5
194.4649315231,87.3767419118,5
201.2711211241,93.1684459294,5
197.7826525167,96.8527422378,5
199.4853856643,96.8527422378,5
199.4853856643,93.1684459294,5
197.7826525167,93.1684459294,5
201.2711211241,96.8527422378,5
202.8054781526,98.5200880124,5
199.2292642438,102.2043843208,5
201.0173711982,102.2043843208,5
201.0173711982,98.5200880124,5
199.2292642438,98.5200880124,5
202.8054781526,102.2043843208,5
188.4223631944,87.7287914595,5
184.8461492856,91.4130877679,5
186.63425624,91.4130877679,5
186.63425624,87.7287914595,5
184.8461492856,87.7287914595,5
188.4223631944,91.4130877679,5
192.9329459892,85.5333713634,5
189.3567320804,89.1321000733,5
191.1448390348,89.1321000733,5
191.1448390348,85.5333713634,5
189.3567320804,85.5333713634,5
192.9329459892,89.1321000733,5
195.9945455623,98.0800260777,5
192.4207031482,101.7643223861,5
194.2088101026,101.7643223861,5
194.2088101026,98.0800260777,5
192.4207031482,98.0800260777,5
195.9945455623,101.7643223861,5
194.4649315231,95.3614212371,5
190.8887176143,99.0457175454,5
192.6768245687,99.0457175454,5
192.6768245687,95.3614212371,5
190.8887176143,95.3614212371,5
194.4649315231,99.0457175454,5
187.6563704275,83.2523836688,5
184.0801565186,86.9366799772,5
185.8682634731,86.9366799772,5
185.8682634731,83.2523836688,5
184.0801565186,83.2523836688,5
187.6563704275,86.9366799772,5
182.1094444774,86.4623910032,6
181.3576806782,93.6060630755,6
181.3576806782,93.6060630755,6
186.6627141756,98.9650395241,6
186.6627141756,98.9650395241,6
179.8399241122,87.7996903268,6
179.8399241122,87.7996903268,6
184.3931938104,90.9290196398,6
184.3931938104,90.9290196398,6
187.4215924586,99.857387336,6
187.4215924586,99.857387336,6
184.3789648426,90.0366718279,6
184.3789648426,90.0366718279,6
186.6627141756,88.247086627,6
186.6627141756,88.247086627,6
174.5277761309,99.4099910358,6
174.5277761309,99.4099910358,6
187.4215924586,92.2687637519,6
187.4215924586,92.2687637519,6
173.0171340487,86.4623910032,6
173.0171340487,86.4623910032,6
187.4144779747,98.0726917122,6
187.4144779747,98.0726917122,6
185.1449576095,94.9433623992,6
185.1449576095,94.9433623992,6
185.9038358926,86.0174394915,6
185.9038358926,86.0174394915,6
183.6343155274,95.8357102111,6
183.6343155274,95.8357102111,6
185.9038358926,97.1803439003,6
185.9038358926,97.1803439003,6
182.1094444774,85.5700431913,6
182.1094444774,85.5700431913,6
188.1733562578,92.7137152636,6
188.1733562578,92.7137152636,6
190.442876623,98.5200880124,6
190.442876623,98.5200880124,6
186.6627141756,86.9073425149,6
186.6627141756,86.9073425149,6
188.1804707417,90.4840681281,6
188.1804707417,90.4840681281,6
176.0526471809,98.9650395241,6
176.0526471809,98.9650395241,6
188.1733562578,89.1467688045,6
188.1733562578,89.1467688045,6
185.9038358926,87.3547388151,6
185.9038358926,87.3547388151,6
189.6911128239,99.857387336,6
189.6911128239,99.857387336,6
186.6555996917,97.1803439003,6
186.6555996917,97.1803439003,6
186.6698286595,85.1250916796,6
186.6698286595,85.1250916796,6
184.3860793265,92.2687637519,6
184.3860793265,92.2687637519,6
187.4215924586,100.7497351479,6
187.4215924586,100.7497351479,6
183.6343155274,91.8213674517,6
183.6343155274,91.8213674517,6
185.9109503765,86.0174394915,6
185.9109503765,86.0174394915,6
184.3860793265,97.6277402005,6
184.3860793265,97.6277402005,6
186.6627141756,98.9650395241,6
186.6627141756,98.9650395241,6
191.2088693899,86.4623910032,6
191.2088693899,86.4623910032,6
178.3221675461,89.5917203162,6
178.3221675461,89.5917203162,6
191.967747673,101.1946866596,6
191.967747673,101.1946866596,6
185.1449576095,94.0510145872,6
185.1449576095,94.0510145872,6
190.4499911069,85.1250916796,6
174.4993181953,86.8584467444,7
174.4993181953,98.9650395241,7
174.4993181953,98.9650395241,7
168.4425208988,94.928693668,7
168.4425208988,94.928693668,7
169.9602774649,86.4037160786,7
169.9602774649,86.4037160786,7
168.4425208988,95.3760899682,7
168.4425208988,95.3760899682,7
163.9034801684,95.3760899682,7
163.9034801684,95.3760899682,7
174.5064326792,85.066416755,7
174.5064326792,85.066416755,7
172.9886761131,91.3397441121,7
172.9886761131,91.3397441121,7
169.2013991818,97.6204058349,7
169.2013991818,97.6204058349,7
169.9602774649,89.0954282455,7
169.9602774649,89.0954282455,7
177.5348313274,86.8584467444,7
177.5348313274,86.8584467444,7
172.9886761131,98.9650395241,7
172.9886761131,98.9650395241,7
167.6765281319,95.8210414799,7
167.6765281319,95.8210414799,7
160.8608525523,84.6116860892,7
160.8608525523,84.6116860892,7
173.7475543962,91.3397441121,7
173.7475543962,91.3397441121,7
171.470919547,98.5103088583,7
171.470919547,98.5103088583,7
165.4070077666,89.9926656344,7
165.4070077666,89.9926656344,7
166.9247643327,87.7507945563,7
166.9247643327,87.7507945563,7
165.4141222505,98.5103088583,7
165.4141222505,98.5103088583,7
169.1942846979,94.4764077907,7
169.1942846979,94.4764077907,7
169.2013991818,85.9587645669,7
169.2013991818,85.9587645669,7
167.6836426158,94.4764077907,7
167.6836426158,94.4764077907,7
169.953162981,99.4099910358,7
169.953162981,99.4099910358,7
166.9176498488,88.6480319452,7
166.9176498488,88.6480319452,7
161.6268453193,86.4037160786,7
161.6268453193,86.4037160786,7
166.1730005336,98.0653573466,7
166.1730005336,98.0653573466,7
169.9602774649,93.129329313,7
169.9602774649,93.129329313,7
166.9247643327,84.6116860892,7
166.9247643327,84.6116860892,7
169.9602774649,93.5840599788,7
169.9602774649,93.5840599788,7
167.6765281319,96.2757721457,7
167.6765281319,96.2757721457,7
172.2297978301,86.4037160786,7
172.2297978301,86.4037160786,7
159.3430959862,88.6480319452,7
159.3430959862,88.6480319452,7
165.4141222505,98.0653573466,7
165.4141222505,98.0653573466,7
167.6836426158,90.8923478119,7
167.6836426158,90.8923478119,7
168.4425208988,85.5113682666,7
168.4425208988,85.5113682666,7
168.4425208988,95.8210414799,7
168.4425208988,95.8210414799,7
169.2085136657,97.1656751691,7
169.2085136657,97.1656751691,7
165.4070077666,85.9587645669,7
174.4637457758,88.6920381387,8
174.4637457758,85.0957542173,8
172.7610126282,86.8511123788,8
176.2518527302,86.8511123788,8
174.4637457758,100.801075707,8
174.4637457758,97.1143346101,8
172.7610126282,98.9577051585,8
176.2518527302,98.9577051585,8
168.4211774471,96.7647298509,8
168.4211774471,93.0804335425,8
166.6330704927,94.9213593024,8
170.2092844015,94.9213593024,8
169.953162981,88.2544209926,8
169.953162981,84.5676798957,8
168.1650560266,86.4110504441,8
171.7412699354,86.4110504441,8
168.4211774471,97.202346997,8
168.4211774471,93.5180506886,8
166.6330704927,95.3614212371,8
170.2092844015,95.3614212371,8
163.9105946523,97.202346997,8
163.9105946523,93.5180506886,8
162.1224876979,95.3614212371,8
165.6133277998,95.3614212371,8
174.4637457758,86.9366799772,8
174.4637457758,83.2523836688,8
172.7610126282,85.0957542173,8
176.2518527302,85.0957542173,8
173.0171340487,93.1684459294,8
173.0171340487,89.5697172195,8
171.2290270943,91.325075381,8
174.7198671963,91.325075381,8
169.187170214,99.4857794801,8
169.187170214,95.7990383832,8
167.3990632596,97.6424089316,8
170.9752771684,97.6424089316,8
169.953162981,90.9730258333,8
169.953162981,87.2887295249,8
168.1650560266,89.1321000733,8
171.7412699354,89.1321000733,8
177.5277168435,88.6920381387,8
177.5277168435,85.0957542173,8
175.7396098891,86.8511123788,8
179.3158237979,86.8511123788,8
173.0171340487,100.801075707,8
173.0171340487,97.1143346101,8
171.2290270943,98.9577051585,8
174.7198671963,98.9577051585,8
167.6551846801,97.6424089316,8
167.6551846801,94.0436802217,8
165.8670777257,95.7990383832,8
169.4432916346,95.7990383832,8
160.8466235845,86.4990628311,8
160.8466235845,82.8147665227,8
159.0585166301,84.6556922826,8
162.6347305389,84.6556922826,8
173.6977530088,93.1684459294,8
173.6977530088,89.5697172195,8
171.9950198613,91.325075381,8
175.4858599632,91.325075381,8
171.4851485149,100.3610137723,8
171.4851485149,96.6767174639,8
169.6970415604,98.5200880124,8
173.2708839746,98.5200880124,8
165.3572063793,91.850704914,8
165.3572063793,88.1664086057,8
163.5690994249,90.0073343656,8
167.1429418391,90.0073343656,8
166.8891919132,89.5697172195,8
166.8891919132,85.973433298,8
165.1010849588,87.8143590579,8
168.6772988676,87.8143590579,8
165.3572063793,100.3610137723,8
165.3572063793,96.6767174639,8
163.5690994249,98.5200880124,8
167.1429418391,98.5200880124,8
169.187170214,96.3246679162,8
169.187170214,92.6403716079,8
167.3990632596,94.4837421563,8
170.9752771684,94.4837421563,8
169.187170214,87.8143590579,8
169.187170214,84.1300627496,8
167.3990632596,85.973433298,8
170.9752771684,85.973433298,8
167.6551846801,96.3246679162,8
167.6551846801,92.6403716079,8
165.8670777257,94.4837421563,8
169.4432916346,94.4837421563,8
169.953162981,101.2386928531,8
169.953162981,97.5543965447,8
168.1650560266,99.3977670931,8
171.7412699354,99.3977670931,8
166.8891919132,90.5354086871,8
166.8891919132,86.8511123788,8
165.1010849588,88.6920381387,8
168.6772988676,88.6920381387,8
161.6126163515,88.2544209926,8
161.6126163515,84.5676798957,8
159.824509397,86.4110504441,8
163.4007233059,86.4110504441,8
166.1231991463,99.9233966262,8
166.1231991463,96.2366555293,8
164.3350921919,98.0800260777,8
167.9113061007,98.0800260777,8
169.953162981,95.0093716893,8
169.953162981,91.325075381,8
168.1650560266,93.1684459294,8
171.7412699354,93.1684459294,8
166.8891919132,86.4990628311,8
166.8891919132,82.8147665227,8
165.1010849588,84.6556922826,8
168.6772988676,84.6556922826,8
169.953162981,95.4469888355,8
169.953162981,91.7626925271,8
168.1650560266,93.6060630755,8
171.7412699354,93.6060630755,8
167.6551846801,98.0800260777,8
167.6551846801,94.4837421563,8
165.8670777257,96.2366555293,8
169.4432916346,96.2366555293,8
172.2511412818,88.2544209926,8
172.2511412818,84.5676798957,8
170.4630343274,86.4110504441,8
174.0392482362,86.4110504441,8
159.3146380506,90.5354086871,8
159.3146380506,86.8511123788,8
157.5265310962,88.6920381387,8
161.1003735104,88.6920381387,8
165.3572063793,99.9233966262,8
165.3572063793,96.2366555293,8
163.6544732318,98.0800260777,8
167.1429418391,98.0800260777,8
167.6551846801,92.7283839948,8
167.6551846801,89.0440876864,8
165.8670777257,90.8850134463,8
169.4432916346,90.8850134463,8
168.4211774471,87.3767419118,8
168.4211774471,83.6900008149,8
166.6330704927,85.5333713634,8
170.2092844015,85.5333713634,8
168.4211774471,97.6424089316,8
168.4211774471,94.0436802217,8
166.6330704927,95.7990383832,8
170.2092844015,95.7990383832,8
169.187170214,98.9577051585,8
169.187170214,95.3614212371,8
167.3990632596,97.202346997,8
170.9752771684,97.202346997,8
165.3572063793,87.8143590579,8
165.3572063793,84.1300627496,8
163.5690994249,85.973433298,8
167.1429418391,85.973433298,8
166.8963063971,87.3180669872,9
169.1729412462,99.001711352,9
169.1729412462,99.001711352,9
166.1587715658,91.8066987206,9
166.1587715658,91.8066987206,9
169.9318195293,86.4183848097,9
169.9318195293,86.4183848097,9
172.9673326614,97.6497432972,9
172.9673326614,97.6497432972,9
163.1019149819,91.3617472089,9
163.1019149819,91.3617472089,9
166.1374281141,86.4183848097,9
166.1374281141,86.4183848097,9
168.4140629632,97.6497432972,9
168.4140629632,97.6497432972,9
166.9105353649,95.8503789422,9
166.9105353649,95.8503789422,9
166.8891919132,85.066416755,9
166.8891919132,85.066416755,9
165.3714353471,92.2589845978,9
165.3714353471,92.2589845978,9
162.3430366989,94.0510145872,9
162.3430366989,94.0510145872,9
172.9602181775,85.9636541439,9
172.9602181775,85.9636541439,9
170.6835833284,93.6060630755,9
170.6835833284,93.6060630755,9
172.9673326614,99.001711352,9
172.9673326614,99.001711352,9
166.1374281141,89.1100969766,9
166.1374281141,89.1100969766,9
169.9318195293,87.3180669872,9
169.9318195293,87.3180669872,9
166.1303136302,96.7500611197,9
166.1303136302,96.7500611197,9
164.619671548,91.3617472089,9
164.619671548,91.3617472089,9
159.3075235667,86.8633363214,9
159.3075235667,86.8633363214,9
170.6906978123,97.202346997,9
170.6906978123,97.202346997,9
168.4140629632,92.2589845978,9
168.4140629632,92.2589845978,9
168.4140629632,85.066416755,9
168.4140629632,85.066416755,9
164.6125570641,93.6060630755,9
164.6125570641,93.6060630755,9
163.094800498,94.505745253,9
163.094800498,94.505745253,9
173.7190964605,96.7500611197,9
173.7190964605,96.7500611197,9
169.9247050454,86.4183848097,9
169.9247050454,86.4183848097,9
165.3714353471,93.6060630755,9
165.3714353471,93.6060630755,9
167.6480701962,94.9506967647,9
167.6480701962,94.9506967647,9
169.9247050454,85.9636541439,9
169.9247050454,85.9636541439,9
165.378549831,92.2589845978,9
165.378549831,92.2589845978,9
171.4495760953,97.202346997,9
171.4495760953,97.202346997,9
169.9318195293,96.3026648195,9
169.9318195293,96.3026648195,9
172.9673326614,96.3026648195,9
172.9673326614,96.3026648195,9
168.4069484793,85.066416755,9
168.4069484793,85.066416755,9
170.6906978123,92.2589845978,9
170.6906978123,92.2589845978,9
166.8891919132,93.6060630755,9
166.8891919132,93.6060630755,9
175.9957313097,97.202346997,9
175.9957313097,97.202346997,9
168.4069484793,86.8633363214,9
161.5983873836,87.7556841333,10
171.4638050631,93.5840599788,10
171.4638050631,93.5840599788,10
172.2226833462,94.4764077907,10
172.2226833462,94.4764077907,10
169.9389340132,93.129329313,10
169.9389340132,93.129329313,10
166.1516570819,91.3397441121,10
166.1516570819,91.3397441121,10
168.4211774471,92.2369815011,10
168.4211774471,92.2369815011,10
177.5348313274,95.3760899682,10
177.5348313274,95.3760899682,10
171.4566905792,91.7920299894,10
171.4566905792,91.7920299894,10
172.9815616292,93.129329313,10
172.9815616292,93.129329313,10
170.7049267801,92.2369815011,10
170.7049267801,92.2369815011,10
172.2226833462,92.2369815011,10
172.2226833462,92.2369815011,10
169.1800557301,90.8923478119,10
169.1800557301,90.8923478119,10
170.6978122962,91.7920299894,10
170.6978122962,91.7920299894,10
169.1800557301,91.3397441121,10
169.1800557301,91.3397441121,10
173.7404399123,92.2369815011,10
173.7404399123,92.2369815011,10
174.4922037114,93.129329313,10
174.4922037114,93.129329313,10
172.2155688623,91.3397441121,10
172.2155688623,91.3397441121,10
158.5557597676,84.6190204547,10
158.5557597676,84.6190204547,10
168.428291931,88.2030804335,10
168.428291931,88.2030804335,10
157.8039959685,83.7291174313,10
157.8039959685,83.7291174313,10
167.669413648,87.7556841333,10
167.669413648,87.7556841333,10
164.6267860319,87.7556841333,10
164.6267860319,87.7556841333,10
160.0806308176,85.5187026322,10
160.0806308176,85.5187026322,10
161.5912728997,85.9636541439,10
161.5912728997,85.9636541439,10
165.3927787988,88.6553663108,10
165.3927787988,88.6553663108,10
162.3501511828,87.3107326216,10
162.3501511828,87.3107326216,10
164.6339005158,87.7556841333,10
164.6339005158,87.7556841333,10
156.2791249185,83.2743867655,10
156.2791249185,83.2743867655,10
164.6267860319,87.3107326216,10
164.6267860319,87.3107326216,10
161.5912728997,86.8633363214,10
161.5912728997,86.8633363214,10
154.0096045533,82.8294352539,10
154.0096045533,82.8294352539,10
160.8395091006,84.6190204547,10
160.8395091006,84.6190204547,10
158.5557597676,84.6190204547,10
158.5557597676,84.6190204547,10
161.5912728997,85.9636541439,10
161.5912728997,85.9636541439,10
163.1090294658,87.3107326216,10
163.1090294658,87.3107326216,10
154.7684828363,83.7291174313,10
154.7684828363,83.7291174313,10
154.7684828363,81.9370874419,10
154.7684828363,81.9370874419,10
158.5557597676,83.2743867655,10
158.5557597676,83.2743867655,10
159.3217525345,84.174068943,10
159.3217525345,84.174068943,10
160.0735163337,85.9636541439,10
160.0735163337,85.9636541439,10
155.5202466354,83.2743867655,10
155.5202466354,83.2743867655,10
151.7329697042,81.4823567761,10
151.7329697042,81.4823567761,10
156.2791249185,83.2743867655,10
156.2791249185,83.2743867655,10
147.9314638051,79.6927715753,10
147.9314638051,79.6927715753,10
157.0380032015,82.8294352539,10
157.0380032015,82.8294352539,10
154.0024900694,81.9370874419,10
154.0024900694,81.9370874419,10
150.2080986542,81.0374052644,10
150.2080986542,81.0374052644,10
159.3217525345,85.0737511205,10
159.3217525345,85.0737511205,10
142.6264303077,77.9007415859,10
142.6264303077,77.9007415859,10
153.2436117863,81.9370874419,10
153.2436117863,81.9370874419,10
150.9740914211,80.5900089642,10
150.9740914211,80.5900089642,10
146.4208217229,78.8004237633,10
146.4208217229,78.8004237633,10
155.5273611193,82.8294352539,10
155.5273611193,82.8294352539,10
145.6619434399,77.9007415859,10
145.6619434399,77.9007415859,10
147.938578289,78.8004237633,10
147.938578289,78.8004237633,10
144.1441868738,77.4557900742,10
144.1441868738,77.4557900742,10
149.4492203711,80.5900089642,10
149.4492203711,80.5900089642,10
150.2080986542,81.0374052644,10
150.2080986542,81.0374052644,10
147.172585522,78.3456930975,10
147.172585522,78.3456930975,10
148.697456572,79.245375275,10
148.697456572,79.245375275,10
147.938578289,77.9007415859,10
147.938578289,77.9007415859,10
141.8675520247,75.6637600848,10
141.8675520247,75.6637600848,10
152.4847335033,80.1450574525,10
152.4847335033,80.1450574525,10
141.1015592577,74.316681607,10
141.1015592577,74.316681607,10
146.4208217229,77.4557900742,10
146.4208217229,77.4557900742,10
147.938578289,77.4557900742,10
147.938578289,77.4557900742,10
135.7894112765,72.0821448945,10
135.7894112765,72.0821448945,10
147.938578289,77.0083937739,10
147.938578289,77.0083937739,10
136.5554040434,71.6274142287,10
136.5554040434,71.6274142287,10
141.8675520247,74.7640779073,10
141.8675520247,74.7640779073,10
143.3853085907,76.1087115964,10
143.3853085907,76.1087115964,10
141.1086737416,74.7640779073,10
141.1086737416,74.7640779073,10
143.3781941068,76.1087115964,10
143.3781941068,76.1087115964,10
140.3497954586,74.7640779073,10
140.3497954586,74.7640779073,10
126.6899863639,68.0433542499,10
126.6899863639,68.0433542499,10
139.5909171755,73.8717300953,10
139.5909171755,73.8717300953,10
136.5554040434,72.0821448945,10
136.5554040434,72.0821448945,10
139.5909171755,73.8717300953,10
139.5909171755,73.8717300953,10
144.1441868738,76.1087115964,10
144.1441868738,76.1087115964,10
141.8675520247,74.316681607,10
141.8675520247,74.316681607,10
143.3781941068,75.6637600848,10
143.3781941068,75.6637600848,10
140.3497954586,74.316681607,10
140.3497954586,74.316681607,10
135.0376474773,71.6274142287,10
135.0376474773,71.6274142287,10
136.5554040434,71.6274142287,10
136.5554040434,71.6274142287,10
143.3781941068,75.2163637845,10
143.3781941068,75.2163637845,10
144.8959506729,75.6637600848,10
144.8959506729,75.6637600848,10
131.2361415782,70.2901149051,10
131.2361415782,70.2901149051,10
137.3071678425,74.316681607,10
137.3071678425,74.316681607,10
138.0660461256,73.8717300953,10
138.0660461256,73.8717300953,10
134.2716547104,71.6274142287,10
134.2716547104,71.6274142287,10
136.5554040434,72.9720479179,10
136.5554040434,72.9720479179,10
140.3497954586,74.316681607,10
140.3497954586,74.316681607,10
138.0731606095,72.5270964062,10
138.0731606095,72.5270964062,10
139.5909171755,73.8717300953,10
139.5909171755,73.8717300953,10
136.5554040434,72.0821448945,10
136.5554040434,72.0821448945,10
131.2432560621,69.3904327276,10
131.2432560621,69.3904327276,10
132.7610126282,71.6274142287,10
132.7610126282,71.6274142287,10
131.2432560621,70.7350664168,10
131.2432560621,70.7350664168,10
132.7610126282,70.2901149051,10
132.7610126282,70.2901149051,10
129.7254994961,68.0433542499,10
129.7254994961,68.0433542499,10
135.0376474773,71.182462717,10
135.0376474773,71.182462717,10
136.5554040434,71.6274142287,10
136.5554040434,71.6274142287,10
134.2787691943,70.2901149051,10
134.2787691943,70.2901149051,10
136.5554040434,72.0821448945,10
136.5554040434,72.0821448945,10
124.4133515148,65.8088175373,10
124.4133515148,65.8088175373,10
130.4772632952,68.4907505501,10
130.4772632952,68.4907505501,10
132.0021343452,68.9430364273,10
132.0021343452,68.9430364273,10
128.9595067291,68.0433542499,10
128.9595067291,68.0433542499,10
131.9950198613,69.3904327276,10
131.9950198613,69.3904327276,10
135.0376474773,71.182462717,10
135.0376474773,71.182462717,10
132.7610126282,68.4907505501,10
132.7610126282,68.4907505501,10
134.2716547104,70.2901149051,10
134.2716547104,70.2901149051,10
130.4843777791,68.9430364273,10
130.4843777791,68.9430364273,10
125.923993597,66.6987205607,10
125.923993597,66.6987205607,10
129.7254994961,67.5984027382,10
129.7254994961,67.5984027382,10
115.3068121183,60.8776790808,10
115.3068121183,60.8776790808,10
128.20774293,65.8088175373,10
128.20774293,65.8088175373,10
125.1722297978,64.9091353598,10
125.1722297978,64.9091353598,10
116.8245686844,61.7724716812,10
116.8245686844,61.7724716812,10
122.8955949487,64.4617390596,10
122.8955949487,64.4617390596,10
130.4843777791,67.5984027382,10
130.4843777791,67.5984027382,10
121.3778383826,64.9091353598,10
121.3778383826,64.9091353598,10
118.3352107666,62.6697090702,10
118.3352107666,62.6697090702,10
124.4062370309,65.8088175373,10
124.4062370309,65.8088175373,10
125.923993597,66.253769049,10
125.923993597,66.253769049,10
122.8884804648,64.0167875479,10
122.8884804648,64.0167875479,10
125.1651153139,65.3614212371,10
125.1651153139,65.3614212371,10
122.1296021818,63.1171053704,10
122.1296021818,63.1171053704,10
116.0585759175,60.8776790808,10
116.0585759175,60.8776790808,10
128.9523922452,66.253769049,10
128.9523922452,66.253769049,10
115.2996976344,59.9804416918,10
115.2996976344,59.9804416918,10
119.0940890496,62.6697090702,10
119.0940890496,62.6697090702,10
115.2996976344,60.4327275691,10
115.2996976344,60.4327275691,10
121.3707238987,62.6697090702,10
121.3707238987,62.6697090702,10
122.8955949487,64.4617390596,10
122.8955949487,64.4617390596,10
120.6118456157,63.1171053704,10
120.6118456157,63.1171053704,10
123.6473587479,64.4617390596,10
123.6473587479,64.4617390596,10
110.7464279362,58.1884117024,10
110.7464279362,58.1884117024,10
115.2996976344,60.4327275691,10
115.2996976344,60.4327275691,10
118.3352107666,62.2247575585,10
118.3352107666,62.2247575585,10
114.5408193514,60.4327275691,10
114.5408193514,60.4327275691,10
118.3352107666,61.7724716812,10
118.3352107666,61.7724716812,10
114.5479338353,59.0880938799,10
114.5479338353,59.0880938799,10
100.8810102567,53.2597180344,10
100.8810102567,53.2597180344,10
113.0301772692,58.6431423682,10
113.0301772692,58.6431423682,10
108.4697930871,55.9514302013,10
108.4697930871,55.9514302013,10
110.7464279362,57.2960638905,10
110.7464279362,57.2960638905,10
106.952036521,55.5040339011,10
106.952036521,55.5040339011,10
111.5053062192,56.8437780132,10
111.5053062192,56.8437780132,10
113.0301772692,57.7434601907,10
113.0301772692,57.7434601907,10
109.235785854,56.396381713,10
109.235785854,56.396381713,10
112.2712989862,57.7434601907,10
112.2712989862,57.7434601907,10
100.1292464576,52.369815011,10
100.1292464576,52.369815011,10
105.4413944388,55.0517480238,10
105.4413944388,55.0517480238,10
106.952036521,55.9514302013,10
106.952036521,55.9514302013,10
103.1647595897,53.7144487002,10
103.1647595897,53.7144487002,10
105.4413944388,55.0517480238,10
105.4413944388,55.0517480238,10
109.235785854,56.8437780132,10
109.235785854,56.8437780132,10
104.6754016719,54.1594002119,10
104.6754016719,54.1594002119,10
108.476907571,55.5040339011,10
108.476907571,55.5040339011,10
97.0866188415,50.5777850216,10
97.0866188415,50.5777850216,10
99.3632536906,51.9150843452,10
99.3632536906,51.9150843452,10
96.3277405585,49.6781028441,10
96.3277405585,49.6781028441,10
101.6470030237,52.8147665227,10
101.6470030237,52.8147665227,10
102.3987668228,53.2597180344,10
102.3987668228,53.2597180344,10
98.6043754076,51.0227365333,10
98.6043754076,51.0227365333,10
101.6470030237,52.369815011,10
101.6470030237,52.369815011,10
97.0937333254,50.5777850216,10
97.0937333254,50.5777850216,10
92.5333491433,49.2307065439,10
92.5333491433,49.2307065439,10
104.6825161558,54.1594002119,10
104.6825161558,54.1594002119,10
101.6470030237,52.369815011,10
101.6470030237,52.369815011,10
103.1576451058,53.7144487002,10
103.1576451058,53.7144487002,10
100.8810102567,51.4701328335,10
100.8810102567,51.4701328335,10
95.5759767594,49.6781028441,10
95.5759767594,49.6781028441,10
97.0866188415,49.6781028441,10
97.0866188415,49.6781028441,10
94.0511057094,48.3334691549,10
94.0511057094,48.3334691549,10
95.5759767594,48.7857550322,10
95.5759767594,48.7857550322,10
92.5404636272,46.9863906772,10
92.5404636272,46.9863906772,10
87.987193929,46.0964876538,10
87.987193929,46.0964876538,10
89.4978360111,46.0964876538,10
89.4978360111,46.0964876538,10
87.2283156459,45.6490913536,10
87.2283156459,45.6490913536,10
98.6043754076,50.5777850216,10
98.6043754076,50.5777850216,10
87.2283156459,45.1968054763,10
87.2283156459,45.1968054763,10
92.5404636272,47.8860728547,10
92.5404636272,47.8860728547,10
93.2993419102,47.441121343,10
93.2993419102,47.441121343,10
81.9090531808,42.9573791867,10
81.9090531808,42.9573791867,10
93.2922274263,47.441121343,10
93.2922274263,47.441121343,10
88.7389577281,45.1968054763,10
88.7389577281,45.1968054763,10
84.1856880299,42.512427675,10
84.1856880299,42.512427675,10
95.5759767594,47.441121343,10
95.5759767594,47.441121343,10
83.4339242307,42.0601417977,10
83.4339242307,42.0601417977,10
85.7105590799,43.8570613642,10
85.7105590799,43.8570613642,10
82.6750459477,42.512427675,10
82.6750459477,42.512427675,10
87.987193929,45.6490913536,10
87.987193929,45.6490913536,10
82.6750459477,42.9573791867,10
82.6750459477,42.9573791867,10
78.1217762495,41.1677939858,10
78.1217762495,41.1677939858,10
89.504950495,45.1968054763,10
89.504950495,45.1968054763,10
84.9445663129,43.4047754869,10
84.9445663129,43.4047754869,10
78.8735400486,40.7228424741,10
78.8735400486,40.7228424741,10
85.7105590799,43.4047754869,10
85.7105590799,43.4047754869,10
80.3912966147,41.6127454975,10
80.3912966147,41.6127454975,10
82.6679314638,42.0601417977,10
82.6679314638,42.0601417977,10
88.746072212,44.7494091761,10
88.746072212,44.7494091761,10
72.8096282682,37.583734007,10
72.8096282682,37.583734007,10
80.3984110986,40.7228424741,10
80.3984110986,40.7228424741,10
75.0862631173,39.3757639964,10
75.0862631173,39.3757639964,10
77.3628979664,38.9308124847,10
77.3628979664,38.9308124847,10
74.3202703504,38.0311303072,10
74.3202703504,38.0311303072,10
84.9516807968,42.512427675,10
84.9516807968,42.512427675,10
72.8096282682,38.4760818189,10
72.8096282682,38.4760818189,10
77.3486689986,41.1677939858,10
77.3486689986,41.1677939858,10
78.8806545325,40.7228424741,10
78.8806545325,40.7228424741,10
82.6679314638,42.512427675,10
82.6679314638,42.512427675,10
78.1217762495,39.8231602966,10
78.1217762495,39.8231602966,10
74.3273848343,38.0311303072,10
74.3273848343,38.0311303072,10
69.7741151361,36.6840518295,10
69.7741151361,36.6840518295,10
80.3912966147,39.8231602966,10
80.3912966147,39.8231602966,10
78.1146617656,38.9308124847,10
78.1146617656,38.9308124847,10
71.2918717021,36.6840518295,10
71.2918717021,36.6840518295,10
69.0081223691,36.2391003178,10
69.0081223691,36.2391003178,10
70.5329934191,37.1314481297,10
70.5329934191,37.1314481297,10
69.0081223691,35.7941488061,10
69.0081223691,35.7941488061,10
71.2918717021,35.7941488061,10
71.2918717021,35.7941488061,10
75.8380269165,38.0311303072,10
75.8380269165,38.0311303072,10
72.0436355013,37.1314481297,10
72.0436355013,37.1314481297,10
76.5969051995,38.0311303072,10
76.5969051995,38.0311303072,10
71.2847572182,35.7941488061,10
71.2847572182,35.7941488061,10
60.6675757396,31.3104066498,10
60.6675757396,31.3104066498,10
69.7741151361,34.8944666286,10
69.7741151361,34.8944666286,10
66.7386020039,33.5498329395,10
66.7386020039,33.5498329395,10
69.7741151361,34.4495151169,10
69.7741151361,34.4495151169,10
66.73148752,33.5498329395,10
66.73148752,33.5498329395,10
71.2918717021,34.8944666286,10
71.2918717021,34.8944666286,10
63.6959743879,32.6574851275,10
63.6959743879,32.6574851275,10
68.25635857,34.0021188167,10
68.25635857,34.0021188167,10
72.0507499852,35.3394181403,10
72.0507499852,35.3394181403,10
66.7386020039,33.5498329395,10
66.7386020039,33.5498329395,10
65.2208454378,32.6574851275,10
65.2208454378,32.6574851275,10
66.73148752,33.1024366392,10
66.73148752,33.1024366392,10
65.2137309539,32.2100888273,10
65.2137309539,32.2100888273,10
57.6249481236,29.0758699373,10
57.6249481236,29.0758699373,10
62.9513250726,31.3104066498,10
62.9513250726,31.3104066498,10
67.490365803,33.1024366392,10
67.490365803,33.1024366392,10
56.8731843244,29.0758699373,10
56.8731843244,29.0758699373,10
59.1427046896,29.5208214489,10
59.1427046896,29.5208214489,10
65.2208454378,32.2100888273,10
65.2208454378,32.2100888273,10
52.3128001423,27.2838399478,10
52.3128001423,27.2838399478,10
62.1782178218,30.8654551381,10
62.1782178218,30.8654551381,10
58.3909408905,29.0758699373,10
58.3909408905,29.0758699373,10
61.4335685066,30.4131692609,10
61.4335685066,30.4131692609,10
58.3838264066,29.5208214489,10
58.3838264066,29.5208214489,10
54.5894349914,28.1761877598,10
54.5894349914,28.1761877598,10
56.1143060414,28.6211392715,10
56.1143060414,28.6211392715,10
53.0787929092,27.2838399478,10
53.0787929092,27.2838399478,10
54.5894349914,27.2838399478,10
54.5894349914,27.2838399478,10
61.4193395387,29.5208214489,10
61.4193395387,29.5208214489,10
53.8447856762,26.3841577704,10
53.8447856762,26.3841577704,10
58.3909408905,28.6211392715,10
58.3909408905,28.6211392715,10
56.1071915575,28.1761877598,10
56.1071915575,28.1761877598,10
57.6249481236,28.1761877598,10
57.6249481236,28.1761877598,10
54.5965494753,27.2838399478,10
54.5965494753,27.2838399478,10
56.8660698405,28.1761877598,10
56.8660698405,28.1761877598,10
54.5894349914,27.7287914595,10
54.5894349914,27.7287914595,10
50.0432797771,26.3841577704,10
50.0432797771,26.3841577704,10
52.3270291101,27.2838399478,10
52.3270291101,27.2838399478,10
50.7950435762,25.9367614701,10
50.7950435762,25.9367614701,10
50.7950435762,25.4844755929,10
50.7950435762,25.4844755929,10
49.284401494,25.4844755929,10
49.284401494,25.4844755929,10
50.0432797771,25.0370792926,10
50.0432797771,25.0370792926,10
48.5184087271,25.4844755929,10
48.5184087271,25.4844755929,10
53.0787929092,27.2838399478,10
53.0787929092,27.2838399478,10
54.5894349914,27.2838399478,10
54.5894349914,27.2838399478,10
51.5610363432,26.3841577704,10
51.5610363432,26.3841577704,10
44.7311317958,22.3551462798,10
44.7311317958,22.3551462798,10
43.9651390289,21.9028604026,10
43.9651390289,21.9028604026,10
44.7240173119,21.9028604026,10
44.7240173119,21.9028604026,10
48.5326376949,24.1447314807,10
48.5326376949,24.1447314807,10
45.4900100789,23.6924456035,10
45.4900100789,23.6924456035,10
47.7595304441,24.5921277809,10
47.7595304441,24.5921277809,10
44.7311317958,23.6924456035,10
44.7311317958,23.6924456035,10
45.4828955949,23.6924456035,10
45.4828955949,23.6924456035,10
43.9651390289,23.6924456035,10
43.9651390289,23.6924456035,10
40.1778620976,21.4554641024,10
40.1778620976,21.4554641024,10
41.6956186637,21.4554641024,10
41.6956186637,21.4554641024,10
39.4118693306,21.4554641024,10
39.4118693306,21.4554641024,10
47.0077666449,24.1447314807,10
47.0077666449,24.1447314807,10
39.4118693306,20.1108304132,10
39.4118693306,20.1108304132,10
40.1778620976,20.1108304132,10
40.1778620976,20.1108304132,10
38.6529910476,19.6634341129,10
38.6529910476,19.6634341129,10
34.1068358333,18.3188004238,10
34.1068358333,18.3188004238,10
43.9793679967,21.9028604026,10
43.9793679967,21.9028604026,10
33.3550720341,17.8714041235,10
33.3550720341,17.8714041235,10
34.8585996324,17.8714041235,10
34.8585996324,17.8714041235,10
33.3479575502,17.8714041235,10
33.3479575502,17.8714041235,10
34.0997213494,17.8714041235,10
34.0997213494,17.8714041235,10
34.1139503172,17.4264526118,10
34.1139503172,17.4264526118,10
34.1068358333,17.4264526118,10
34.1068358333,17.4264526118,10
37.9012272485,18.3188004238,10
37.9012272485,18.3188004238,10
28.7875733681,14.7371852335,10
28.7875733681,14.7371852335,10
28.794687852,14.2897889333,10
28.794687852,14.2897889333,10
28.7875733681,14.2897889333,10
28.7875733681,14.2897889333,10
28.035809569,13.837503056,10
28.035809569,13.837503056,10
25.752060236,12.9451552441,10
25.752060236,12.9451552441,10
27.269816802,13.837503056,10
27.269816802,13.837503056,10
27.2769312859,14.2897889333,10
27.2769312859,14.2897889333,10
21.1987905377,12.4977589439,10
21.1987905377,12.4977589439,10
21.9647833047,12.4977589439,10
21.9647833047,12.4977589439,10
19.6881484556,12.4977589439,10
19.6881484556,12.4977589439,10
18.1703918895,12.0454730666,10
18.1703918895,12.0454730666,10
18.1632774056,12.0454730666,10
18.1632774056,12.0454730666,10
17.4115136065,12.0454730666,10
17.4115136065,12.0454730666,10
16.6455208395,12.0454730666,10
16.6455208395,12.0454730666,10
16.6526353234,12.0454730666,10
16.6526353234,12.0454730666,10
16.6455208395,11.5980767664,10
16.6455208395,11.5980767664,10
17.4043991225,11.5980767664,10
17.4043991225,11.5980767664,10
16.6455208395,11.1531252547,10
16.6455208395,11.1531252547,10
15.8866425565,11.1531252547,10
15.8866425565,11.1531252547,10
15.8937570404,11.1531252547,10
15.8937570404,11.1531252547,10
15.1277642734,11.1531252547,10
15.1277642734,11.1531252547,10
15.1277642734,10.7008393774,10
15.1277642734,10.7008393774,10
15.1419932412,11.1531252547,10
15.1419932412,11.1531252547,10
15.1348787573,11.1531252547,10
15.1348787573,11.1531252547,10
15.1277642734,11.1531252547,10
15.1277642734,11.1531252547,10
15.1277642734,11.1531252547,10
15.1277642734,11.1531252547,10
14.3760004743,11.1531252547,10
14.3760004743,11.1531252547,10
6.0283393609,7.1192241871,10
6.0283393609,7.1192241871,10
11.3333728582,9.3635400538,10
11.3333728582,9.3635400538,10
12.8582439082,9.3635400538,10
12.8582439082,9.3635400538,10
5.2694610778,5.7745904979,10
5.2694610778,5.7745904979,10
7.546095927,7.1192241871,10
7.546095927,7.1192241871,10
11.3333728582,8.0164615761,10
11.3333728582,8.0164615761,10
2.2339479457,4.8797978975,10
2.2339479457,4.8797978975,10
15.1277642734,9.8084915655,10
15.1277642734,9.8084915655,10
6.0283393609,5.7745904979,10
6.0283393609,5.7745904979,10
12.1064801091,8.0164615761,10
12.1064801091,8.0164615761,10
11.3333728582,7.5690652759,10
11.3333728582,7.5690652759,10
10.5744945752,7.5690652759,10
10.5744945752,7.5690652759,10
9.8227307761,7.1192241871,10
9.8227307761,7.1192241871,10
5.2694610778,5.7745904979,10
5.2694610778,5.7745904979,10
12.0993656252,8.0164615761,10
12.0993656252,8.0164615761,10
11.3404873421,7.5690652759,10
11.3404873421,7.5690652759,10
5.2623465939,4.8797978975,10
5.2623465939,4.8797978975,10
5.2694610778,5.3271941977,10
5.2694610778,5.3271941977,10
6.78010316,5.7745904979,10
6.78010316,5.7745904979,10
15.1277642734,8.908809388,10
15.1277642734,8.908809388,10
6.021224877,5.3271941977,10
6.021224877,5.3271941977,10
13.6171221913,8.0164615761,10
13.6171221913,8.0164615761,10
12.0993656252,7.5690652759,10
12.0993656252,7.5690652759,10
5.2623465939,4.4324015973,10
5.2623465939,4.4324015973,10
8.30497421,6.2244315867,10
8.30497421,6.2244315867,10
5.2623465939,4.8797978975,10
5.2623465939,4.8797978975,10
8.30497421,6.2244315867,10
8.30497421,6.2244315867,10
2.9928262287,4.8797978975,10
2.9928262287,4.8797978975,10
6.78010316,5.3271941977,10
6.78010316,5.3271941977,10
3.7445900279,4.8797978975,10
3.7445900279,4.8797978975,10
8.30497421,6.2244315867,10
8.30497421,6.2244315867,10
2.9857117448,4.4324015973,10
2.9857117448,4.4324015973,10
4.5176972787,5.3271941977,10
4.5176972787,5.3271941977,10
7.5389814431,5.7745904979,10
7.5389814431,5.7745904979,10
4.5034683109,4.8797978975,10
4.5034683109,4.8797978975,10
6.78010316,5.7745904979,10
6.78010316,5.7745904979,10
3.7517045118,4.8797978975,10
3.7517045118,4.8797978975,10
10.5744945752,7.1192241871,10
10.5744945752,7.1192241871,10
8.30497421,6.2244315867,10
8.30497421,6.2244315867,10
5.2623465939,5.3271941977,10
5.2623465939,5.3271941977,10
8.2978597261,6.2244315867,10
8.2978597261,6.2244315867,10
4.5105827948,4.8797978975,10
4.5105827948,4.8797978975,10
12.0922511413,7.5690652759,10
12.0922511413,7.5690652759,10
5.2623465939,4.8797978975,10
5.2623465939,4.8797978975,10
4.5105827948,4.8797978975,10
4.5105827948,4.8797978975,10
9.8227307761,7.1192241871,10
9.8227307761,7.1192241871,10
4.5176972787,4.8797978975,10
4.5176972787,4.8797978975,10
8.2978597261,5.7745904979,10
8.2978597261,5.7745904979,10
6.7872176439,5.7745904979,10
6.7872176439,5.7745904979,10
2.9857117448,4.4324015973,10
2.9857117448,4.4324015973,10
2.9857117448,4.8797978975,10
2.9857117448,4.8797978975,10
6.7872176439,5.3271941977,10
6.7872176439,5.3271941977,10
10.5744945752,6.6718278869,10
10.5744945752,6.6718278869,10
6.0283393609,5.3271941977,10
6.0283393609,5.3271941977,10
6.021224877,4.8797978975,10
6.021224877,4.8797978975,10
2.9928262287,3.985005297,10
2.9928262287,3.985005297,10
6.021224877,2.8799608834,10
6.021224877,2.8799608834,10
5.2623465939,3.985005297,10
5.2623465939,3.985005297,10
4.5176972787,4.4324015973,10
4.5176972787,4.4324015973,10
3.7445900279,2.8799608834,10
3.7445900279,2.8799608834,10
3.7445900279,4.4324015973,10
3.7445900279,4.4324015973,10
3.7445900279,2.8799608834,10
3.7445900279,2.8799608834,10
2.9857117448,2.8799608834,10
2.9857117448,2.8799608834,10
6.021224877,4.8797978975,10
6.021224877,4.8797978975,10
4.5176972787,5.3271941977,10
4.5176972787,5.3271941977,10
5.2623465939,2.8799608834,10
5.2623465939,2.8799608834,10
5.2694610778,2.8799608834,10
5.2694610778,2.8799608834,10
5.2623465939,2.8799608834,10
5.2623465939,2.8799608834,10
3.7445900279,2.8799608834,10
3.7445900279,2.8799608834,10
3.7517045118,2.8799608834,10
3.7517045118,2.8799608834,10
2.2339479457,4.4324015973,10
2.2339479457,4.4324015973,10
2.2268334618,4.4324015973,10
2.2268334618,4.4324015973,10
4.5034683109,5.3271941977,10
4.5034683109,5.3271941977,10
3.737475544,2.8799608834,10
3.737475544,2.8799608834,10
3.7517045118,4.4324015973,10
3.7517045118,4.4324015973,10
3.7588189957,2.8799608834,10
3.7588189957,2.8799608834,10
2.9928262287,2.8799608834,10
2.9928262287,2.8799608834,10
4.5034683109,2.8799608834,10
4.5034683109,2.8799608834,10
4.5034683109,2.8799608834,10
4.5034683109,2.8799608834,10
6.0283393609,5.3271941977,10
6.0283393609,5.3271941977,10
9.8227307761,2.8799608834,10
9.8227307761,2.8799608834,10
5.2694610778,3.985005297,10
5.2694610778,3.985005297,10
2.9999407126,3.985005297,10
2.9999407126,3.985005297,10
1.4750696627,3.985005297,10
1.4750696627,3.985005297,10
1.4750696627,3.5351642083,10
1.4750696627,3.5351642083,10
-0.0498013873,3.5351642083,10
-0.0498013873,3.5351642083,10
0.7090768957,3.5351642083,10
