u,sign,path
7.12547e-05,311.817591691,0
-0.0122973695,310.311587147,0
-0.0122973695,310.311587147,0
-0.0061189953,315.611814346,0
-0.0061189953,315.611814346,0
-0.0024078143,305.0016228497,0
-0.0024078143,305.0016228497,0
-0.0209548127,310.3018500487,0
-0.0209548127,310.3018500487,0
-0.0135324506,315.611814346,0
-0.0135324506,315.611814346,0
-0.0122973695,317.8740668614,0
-0.0122973695,317.8740668614,0
-0.0221988005,298.1791626095,0
-0.0221988005,298.1791626095,0
-0.0234309127,301.9636481662,0
-0.0234309127,301.9636481662,0
-0.0172436316,311.817591691,0
-0.0172436316,311.817591691,0
-0.0320883558,292.1129503408,0
-0.0320883558,292.1129503408,0
-0.0320883558,296.6634209672,0
-0.0320883558,296.6634209672,0
-0.0234309127,295.1509250243,0
-0.0234309127,295.1509250243,0
-0.041927439,291.3631937683,0
-0.041927439,291.3631937683,0
-0.0283237337,285.2969814995,0
-0.0283237337,285.2969814995,0
-0.0258387269,286.0564751704,0
-0.0258387269,286.0564751704,0
-0.0357401579,282.259006816,0
-0.0357401579,282.259006816,0
-0.0283148269,283.7747484583,0
-0.0283148269,283.7747484583,0
-0.0394394632,295.141187926,0
-0.0394394632,295.141187926,0
-0.027070839,287.5592340149,0
-0.027070839,287.5592340149,0
-0.0382073511,279.9805258033,0
-0.0382073511,279.9805258033,0
-0.027070839,282.2492697176,0
-0.027070839,282.2492697176,0
-0.0394394632,292.8691983122,0
-0.0394394632,292.8691983122,0
-0.0295410011,271.6423239208,0
-0.0295410011,271.6423239208,0
-0.0369633632,292.1032132425,0
-0.0369633632,292.1032132425,0
-0.0431447064,271.6423239208,0
-0.0431447064,271.6423239208,0
-0.0344872632,286.8127231418,0
-0.0344872632,286.8127231418,0
-0.0480879995,270.1363193768,0
-0.0480879995,270.1363193768,0
-0.0369633632,286.0564751704,0
-0.0369633632,286.0564751704,0
-0.0419096253,283.0055176891,0
-0.0419096253,283.0055176891,0
-0.0530342616,287.5592340149,0
-0.0530342616,287.5592340149,0
-0.0369633632,279.9805258033,0
-0.0369633632,279.9805258033,0
-0.0419096253,273.1548198637,0
-0.0419096253,273.1548198637,0
-0.0505581616,279.9870172022,0
-0.0505581616,279.9870172022,0
-0.0332521822,271.6423239208,0
-0.0332521822,271.6423239208,0
-0.0419096253,278.4745212593,0
-0.0419096253,278.4745212593,0
-0.0480879995,270.8925673483,0
-0.0480879995,270.8925673483,0
-0.0468558874,272.3985718922,0
-0.0468558874,272.3985718922,0
-0.0381984443,278.464784161,0
-0.0381984443,278.464784161,0
-0.0443768185,289.840960727,0
-0.0443768185,289.840960727,0
-0.0456118995,268.6108406362,0
-0.0456118995,268.6108406362,0
-0.0505581616,274.6770529049,0
-0.0505581616,274.6770529049,0
-0.0369633632,280.7465108731,0
-0.0369633632,280.7465108731,0
-0.0431447064,269.3800714054,0
-0.0431447064,269.3800714054,0
-0.0431447064,276.1927945472,0
-0.0431447064,276.1927945472,0
-0.0567454427,281.5027588445,0
-0.0567454427,281.5027588445,0
-0.0530342616,275.4365465758,0
-0.0530342616,275.4365465758,0
-0.0530342616,273.1548198637,0
-0.0530342616,273.1548198637,0
-0.0505581616,277.7182732879,0
-0.0505581616,277.7182732879,0
-0.0406656374,270.1363193768,0
-0.0406656374,270.1363193768,0
-0.0369544564,273.9208049335,0
-0.0369544564,273.9208049335,0
-0.0381895374,279.2307692308,0
-0.0381895374,279.2307692308,0
-0.0394246185,271.6520610191,0
-0.0394246185,271.6520610191,0
-0.0456118995,278.464784161,0
-0.0456118995,278.464784161,0
-0.0431357995,276.9490425187,0
-0.0431357995,276.9490425187,0
-0.0431357995,264.0701071081,0
-0.0431357995,264.0701071081,0
-0.0443768185,270.1265822785,0
-0.0443768185,270.1265822785,0
-0.0419007185,276.9490425187,0
-0.0419007185,276.9490425187,0
-0.0456118995,274.6770529049,0
-0.0456118995,274.6770529049,0
-0.0394246185,275.4365465758,0
-0.0394246185,275.4365465758,0
-0.0419007185,273.164556962,0
-0.0419007185,273.164556962,0
-0.0530342616,276.1927945472,0
-0.0530342616,276.1927945472,0
-0.0567365358,282.259006816,0
-0.0567365358,282.259006816,0
-0.0456118995,279.2210321324,0
-0.0456118995,279.2210321324,0
-0.0493230806,258.7504057124,0
-0.0493230806,258.7504057124,0
-0.0505581616,275.4462836741,0
-0.0505581616,275.4462836741,0
-0.0468469806,266.3420967218,0
-0.0468469806,266.3420967218,0
-0.0468469806,273.164556962,0
-0.0468469806,273.164556962,0
-0.0542693427,271.6520610191,0
-0.0542693427,271.6520610191,0
-0.0592156048,273.164556962,0
-0.0592156048,273.164556962,0
-0.0604477169,270.1265822785,0
-0.0604477169,270.1265822785,0
-0.0505581616,272.3985718922,0
-0.0505581616,272.3985718922,0
-0.0468469806,279.9805258033,0
-0.0468469806,279.9805258033,0
-0.0555044237,263.3106134372,0
-0.0555044237,263.3106134372,0
-0.0616917048,270.1363193768,0
-0.0616917048,270.1363193768,0
-0.0468469806,263.3008763389,0
-0.0468469806,263.3008763389,0
-0.0456118995,278.464784161,0
-0.0456118995,278.464784161,0
-0.0579716169,261.788380396,0
-0.0579716169,261.788380396,0
-0.0517932427,268.6108406362,0
-0.0517932427,268.6108406362,0
-0.0443679116,271.6520610191,0
-0.0443679116,271.6520610191,0
-0.0604477169,268.6108406362,0
-0.0604477169,268.6108406362,0
-0.0555044237,269.3800714054,0
-0.0555044237,269.3800714054,0
-0.0517932427,276.1927945472,0
-0.0517932427,276.1927945472,0
-0.0592156048,261.0418695229,0
-0.0592156048,261.0418695229,0
-0.0480820616,267.0983446933,0
-0.0480820616,267.0983446933,0
-0.0592156048,258.7601428108,0
-0.0592156048,258.7601428108,0
-0.0530253548,253.4501785135,0
-0.0530253548,253.4501785135,0
-0.0480820616,269.370334307,0
-0.0480820616,269.370334307,0
-0.0579716169,279.2307692308,0
-0.0579716169,279.2307692308,0
-0.0456118995,257.994157741,0
-0.0456118995,257.994157741,0
-0.0567365358,267.0983446933,0
-0.0567365358,267.0983446933,0
-0.0505492548,272.4083089906,0
-0.0505492548,272.4083089906,0
-0.0616827979,273.164556962,0
-0.0616827979,273.164556962,0
-0.0493141737,266.3420967218,0
-0.0493141737,266.3420967218,0
-0.062917879,265.5728659526,0
-0.062917879,265.5728659526,0
-0.0468380737,266.3420967218,0
-0.0468380737,266.3420967218,0
-0.0616827979,263.3008763389,0
-0.0616827979,263.3008763389,0
-0.0493141737,266.3420967218,0
-0.0493141737,266.3420967218,0
-0.0592066979,276.9490425187,0
-0.0592066979,276.9490425187,0
-0.06662906,269.370334307,0
-0.06662906,269.370334307,0
-0.0505492548,257.2444011685,0
-0.0505492548,257.2444011685,0
-0.06662906,270.8925673483,0
-0.06662906,270.8925673483,0
-0.0579716169,270.8828302499,0
-0.0579716169,270.8828302499,0
-0.06043881,267.0983446933,0
-0.06043881,267.0983446933,0
-0.065393979,261.0418695229,0
-0.065393979,261.0418695229,0
-0.0468380737,263.3106134372,0
-0.0468380737,263.3106134372,0
-0.053016448,259.5163907822,0
-0.053016448,259.5163907822,0
-0.0616827979,267.0983446933,0
-0.0616827979,267.0983446933,0
-0.0579716169,269.370334307,0
-0.0579716169,269.370334307,0
-0.0517813669,266.3485881207,0
-0.0517813669,266.3485881207,0
-0.0592156048,257.2444011685,0
-0.0592156048,257.2444011685,0
-0.0666379669,260.282375852,0
-0.0666379669,260.282375852,0
-0.0530253548,268.6108406362,0
-0.0530253548,268.6108406362,0
-0.0505492548,251.1781888997,0
-0.0505492548,251.1781888997,0
-0.0604477169,257.2346640701,0
-0.0604477169,257.2346640701,0
-0.062917879,264.8263550795,0
-0.062917879,264.8263550795,0
-0.0641618669,266.3420967218,0
-0.0641618669,266.3420967218,0
-0.0517932427,258.0038948393,0
-0.0517932427,258.0038948393,0
-0.0542604358,265.582603051,0
-0.0542604358,265.582603051,0
-0.0554925479,264.0701071081,0
-0.0554925479,264.0701071081,0
-0.06043881,270.1265822785,0
-0.06043881,270.1265822785,0
-0.06910516,270.1363193768,0
-0.06910516,270.1363193768,0
-0.06910516,264.0701071081,0
-0.06910516,264.0701071081,0
-0.0678611721,271.6423239208,0
-0.0678611721,271.6423239208,0
-0.0554925479,264.0701071081,0
-0.0554925479,264.0701071081,0
-0.0517813669,256.4784160987,0
-0.0517813669,256.4784160987,0
-0.0493052669,264.8263550795,0
-0.0493052669,264.8263550795,0
-0.054251529,261.7981174943,0
-0.054251529,261.7981174943,0
-0.0542604358,252.7036676404,0
-0.0542604358,252.7036676404,0
-0.0554925479,260.282375852,0
-0.0554925479,260.282375852,0
-0.053016448,254.2161635833,0
-0.053016448,254.2161635833,0
-0.054251529,261.0321324245,0
-0.054251529,261.0321324245,0
-0.054251529,252.6841934437,0
-0.054251529,252.6841934437,0
-0.0554925479,260.2758844531,0
-0.0554925479,260.2758844531,0
-0.06043881,253.4501785135,0
-0.06043881,253.4501785135,0
-0.054251529,260.282375852,0
-0.054251529,260.282375852,0
-0.0554925479,251.9474196689,0
-0.0554925479,251.9474196689,0
-0.0505492548,246.6244725738,0
-0.0505492548,246.6244725738,0
-0.053016448,252.693930542,0
-0.053016448,252.693930542,0
-0.0517813669,258.7504057124,0
-0.0517813669,258.7504057124,0
-0.0690962532,251.1781888997,0
-0.0690962532,251.1781888997,0
-0.0715753221,267.8545926647,0
-0.0715753221,267.8545926647,0
-0.0653850721,273.164556962,0
-0.0653850721,273.164556962,0
-0.06662906,256.488153197,0
-0.06662906,256.488153197,0
-0.0579627101,250.4219409283,0
-0.0579627101,250.4219409283,0
-0.056727629,258.0038948393,0
-0.056727629,258.0038948393,0
-0.0554866101,249.6754300552,0
-0.0554866101,249.6754300552,0
-0.0678611721,251.1781888997,0
-0.0678611721,251.1781888997,0
-0.0641499911,260.2758844531,0
-0.0641499911,260.2758844531,0
-0.0653850721,267.0983446933,0
-0.0653850721,267.0983446933,0
-0.0591977911,264.0701071081,0
-0.0591977911,264.0701071081,0
-0.0591977911,243.5994806881,0
-0.0591977911,243.5994806881,0
-0.0715664153,260.282375852,0
-0.0715664153,260.282375852,0
-0.0666201532,266.3420967218,0
-0.0666201532,266.3420967218,0
-0.0592066979,249.6656929568,0
-0.0592066979,249.6656929568,0
-0.0690962532,257.2444011685,0
-0.0690962532,257.2444011685,0
-0.0666201532,259.5163907822,0
-0.0666201532,259.5163907822,0
-0.0678552342,265.582603051,0
-0.0678552342,265.582603051,0
-0.0579627101,257.994157741,0
-0.0579627101,257.994157741,0
-0.0690873464,251.9474196689,0
-0.0690873464,251.9474196689,0
-0.0678552342,258.0038948393,0
-0.0678552342,258.0038948393,0
-0.0579627101,255.7319052256,0
-0.0579627101,255.7319052256,0
-0.0740425153,248.1499513145,0
-0.0740425153,248.1499513145,0
-0.0666201532,265.582603051,0
-0.0666201532,265.582603051,0
-0.0591977911,258.0038948393,0
-0.0591977911,258.0038948393,0
-0.0703313342,249.6559558585,0
-0.0703313342,249.6559558585,0
-0.0616738911,261.788380396,0
-0.0616738911,261.788380396,0
-0.0591977911,241.3274910743,0
-0.0591977911,241.3274910743,0
-0.0690962532,255.7319052256,0
-0.0690962532,255.7319052256,0
-0.0641499911,253.4599156118,0
-0.0641499911,253.4599156118,0
-0.0690873464,247.3937033431,0
-0.0690873464,247.3937033431,0
-0.0591977911,254.2064264849,0
-0.0591977911,254.2064264849,0
-0.0727985274,245.8682246024,0
-0.0727985274,245.8682246024,0
-0.0629089722,253.4501785135,0
-0.0629089722,253.4501785135,0
-0.0765097084,246.6244725738,0
-0.0765097084,246.6244725738,0
-0.0653761653,262.5543654658,0
-0.0653761653,262.5543654658,0
-0.0802238584,254.2161635833,0
-0.0802238584,254.2161635833,0
-0.0629089722,262.5446283674,0
-0.0629089722,262.5446283674,0
-0.0777447895,255.7319052256,0
-0.0777447895,255.7319052256,0
-0.0666112464,261.788380396,0
-0.0666112464,261.788380396,0
-0.0752686895,254.2161635833,0
-0.0752686895,254.2161635833,0
-0.0629089722,261.7981174943,0
-0.0629089722,261.7981174943,0
-0.0715664153,254.2064264849,0
-0.0715664153,254.2064264849,0
-0.0616649843,251.1781888997,0
-0.0616649843,251.1781888997,0
-0.0752775963,258.7504057124,0
-0.0752775963,258.7504057124,0
-0.0752686895,238.2960077897,0
-0.0752686895,238.2960077897,0
-0.0690873464,266.3420967218,0
-0.0690873464,266.3420967218,0
-0.0814559705,248.9061992859,0
-0.0814559705,248.9061992859,0
-0.0653761653,243.5994806881,0
-0.0653761653,243.5994806881,0
-0.0715575085,250.4219409283,0
-0.0776824417,234.511522233,1
-0.0789175227,236.7737747485,1
-0.0789175227,236.7737747485,1
-0.083854878,245.0827653359,1
-0.083854878,245.0827653359,1
-0.0875571522,252.635507952,1
-0.0875571522,252.635507952,1
-0.0912594264,244.3362544628,1
-0.0912594264,244.3362544628,1
-0.0838637848,242.0740019474,1
-0.0838637848,242.0740019474,1
-0.0752063417,251.129503408,1
-0.0752063417,251.129503408,1
-0.0752063417,242.8205128205,1
-0.0752063417,242.8205128205,1
-0.0752063417,234.511522233,1
-0.0752063417,234.511522233,1
-0.0776824417,237.5397598182,1
-0.0776824417,237.5397598182,1
-0.0826108901,235.2710159039,1
-0.0826108901,235.2710159039,1
-0.0826197969,236.7737747485,1
-0.0826197969,236.7737747485,1
-0.0863220711,243.576760792,1
-0.0863220711,243.576760792,1
-0.083854878,237.5300227199,1
-0.083854878,237.5300227199,1
-0.083854878,244.3362544628,1
-0.083854878,244.3362544628,1
-0.0887922332,236.7835118468,1
-0.0887922332,236.7835118468,1
-0.0924945075,244.3362544628,1
-0.0924945075,244.3362544628,1
-0.0900243453,237.5300227199,1
-0.0900243453,237.5300227199,1
-0.0924945075,248.8575137942,1
-0.0924945075,248.8575137942,1
-0.0937266196,249.6170074651,1
-0.0937266196,249.6170074651,1
-0.0937355264,248.8575137942,1
-0.0937355264,248.8575137942,1
-0.0900243453,250.3732554365,1
-0.0900243453,250.3732554365,1
-0.0912594264,240.5517689062,1
-0.0912594264,240.5517689062,1
-0.0925034143,239.0457643622,1
-0.0925034143,239.0457643622,1
-0.0924945075,242.0740019474,1
-0.0924945075,242.0740019474,1
-0.0826108901,239.8020123337,1
-0.0826108901,239.8020123337,1
-0.0924945075,245.8487504057,1
-0.0924945075,245.8487504057,1
-0.0937266196,239.0457643622,1
-0.0937266196,239.0457643622,1
-0.0863131643,242.0642648491,1
-0.0863131643,242.0642648491,1
-0.0863220711,248.8575137942,1
-0.0863220711,248.8575137942,1
-0.0875571522,240.5517689062,1
-0.0875571522,240.5517689062,1
-0.083854878,234.5212593314,1
-0.083854878,234.5212593314,1
-0.0863131643,242.0740019474,1
-0.0863131643,242.0740019474,1
-0.083854878,233.7650113599,1
-0.083854878,233.7650113599,1
-0.0875482454,241.317753976,1
-0.0875482454,241.317753976,1
-0.0776735348,234.511522233,1
-0.0776735348,234.511522233,1
-0.0776735348,231.4930217462,1
-0.0776735348,231.4930217462,1
-0.0764414227,232.9990262902,1
-0.0764414227,232.9990262902,1
-0.0813876848,231.4930217462,1
-0.0813876848,231.4930217462,1
-0.0912594264,239.0457643622,1
-0.0912594264,239.0457643622,1
-0.0863220711,240.5582603051,1
-0.0961967817,219.2827004219,2
-0.0999079627,240.5582603051,2
-0.0999079627,240.5582603051,2
-0.0974288938,234.482310938,2
-0.0974288938,234.482310938,2
-0.1023840627,225.358649789,2
-0.1023840627,225.358649789,2
-0.0986728817,233.7260629666,2
-0.0986728817,233.7260629666,2
-0.1036280506,226.1246348588,2
-0.1036280506,226.1246348588,2
-0.0912327059,234.482310938,2
-0.0912327059,234.482310938,2
-0.1011519506,225.3683868874,2
-0.1011519506,225.3683868874,2
-0.0937177127,233.7260629666,2
-0.0937177127,233.7260629666,2
-0.0961967817,232.2103213242,2
-0.0961967817,232.2103213242,2
-0.0850335491,223.8526452451,2
-0.0850335491,223.8526452451,2
-0.0974288938,225.3683868874,2
-0.0974288938,225.3683868874,2
-0.0899976248,223.0866601753,2
-0.0899976248,223.0866601753,2
-0.0974288938,231.4540733528,2
-0.0974288938,231.4540733528,2
-0.1048631316,231.4443362545,2
-0.1048631316,231.4443362545,2
-0.0937177127,222.3206751055,2
-0.0937177127,222.3206751055,2
-0.1011519506,220.8049334632,2
-0.1011519506,220.8049334632,2
-0.0899976248,228.4063615709,2
-0.0899976248,228.4063615709,2
-0.0999079627,219.2924375203,2
-0.0999079627,219.2924375203,2
-0.0875215249,226.1343719572,2
-0.0875215249,226.1343719572,2
-0.0961878748,220.0486854917,2
-0.0961878748,220.0486854917,2
-0.0850454249,223.0866601753,2
-0.0850454249,223.0866601753,2
-0.0924766938,219.2827004219,2
-0.0924766938,219.2827004219,2
-0.1036280506,226.8841285297,2
-0.1036280506,226.8841285297,2
-0.0961878748,230.688088283,2
-0.0961878748,230.688088283,2
-0.0974199869,227.6501135995,2
-0.0974199869,227.6501135995,2
-0.0912327059,228.4063615709,2
-0.0912327059,228.4063615709,2
-0.0999079627,236.0077896787,2
-0.0999079627,236.0077896787,2
-0.0899976248,227.6403765011,2
-0.0899976248,227.6403765011,2
-0.0887566059,220.0486854917,2
-0.0887566059,220.0486854917,2
-0.1061041506,230.6783511847,2
-0.1061041506,230.6783511847,2
-0.0986639748,232.9600778968,2
-0.0986639748,232.9600778968,2
-0.0974288938,230.6783511847,2
-0.0974288938,230.6783511847,2
-0.1060952438,230.688088283,2
-0.1060952438,230.688088283,2
-0.0887655127,223.0866601753,2
-0.0887655127,223.0866601753,2
-0.0986639748,235.9980525803,2
-0.0986639748,235.9980525803,2
-0.086277537,226.8841285297,2
-0.086277537,226.8841285297,2
-0.0961878748,218.5264524505,2
-0.0961878748,218.5264524505,2
-0.1036280506,226.1246348588,2
-0.1036280506,226.1246348588,2
-0.0850335491,227.6501135995,2
-0.1183569859,207.1372930867,3
-0.120827148,213.2067510549,3
-0.120827148,213.2067510549,3
-0.107214536,213.9532619279,3
-0.107214536,213.9532619279,3
-0.114639867,198.8023369036,3
-0.114639867,198.8023369036,3
-0.1208360549,206.3810451152,3
-0.1208360549,206.3810451152,3
-0.1146458049,207.8967867575,3
-0.1146458049,207.8967867575,3
-0.1096936049,204.858812074,3
-0.1096936049,204.858812074,3
-0.119592067,210.9347614411,3
-0.119592067,210.9347614411,3
-0.1245472359,213.1970139565,3
-0.1245472359,213.1970139565,3
-0.104738436,207.1308016878,3
-0.104738436,207.1308016878,3
-0.1183569859,204.8685491723,3
-0.1183569859,204.8685491723,3
-0.1233121549,210.9250243427,3
-0.1233121549,210.9250243427,3
-0.1096936049,212.447257384,3
-0.1096936049,212.447257384,3
-0.1096936049,198.8088283025,3
-0.1096936049,198.8088283025,3
-0.1245472359,204.8685491723,3
-0.1245472359,204.8685491723,3
-0.123303248,220.0194741967,3
-0.123303248,220.0194741967,3
-0.108449617,204.1123012009,3
-0.108449617,204.1123012009,3
-0.1158897928,198.8088283025,3
-0.1158897928,198.8088283025,3
-0.1245472359,212.447257384,3
-0.1245472359,212.447257384,3
-0.1059824238,206.3810451152,3
-0.1059824238,206.3810451152,3
-0.119592067,215.4657578708,3
-0.119592067,215.4657578708,3
-0.123303248,210.9347614411,3
-0.123303248,210.9347614411,3
-0.1059705481,211.6812723142,3
-0.1059705481,211.6812723142,3
-0.1134047859,197.2865952613,3
-0.1134047859,197.2865952613,3
-0.1158808859,204.8685491723,3
-0.1158808859,204.8685491723,3
-0.123303248,206.3810451152,3
-0.123303248,206.3810451152,3
-0.110925717,210.1687763713,3
-0.110925717,210.1687763713,3
-0.117115967,209.4092827004,3
-0.117115967,209.4092827004,3
-0.1220622291,211.6910094125,3
-0.1220622291,211.6910094125,3
-0.1121697049,204.8685491723,3
-0.1121697049,204.8685491723,3
-0.1096936049,202.5965595586,3
-0.1096936049,202.5965595586,3
-0.1183569859,208.653034729,3
-0.1183569859,208.653034729,3
-0.118351048,209.4092827004,3
-0.118351048,209.4092827004,3
-0.1121697049,203.35280753,3
-0.1121697049,203.35280753,3
-0.1183569859,214.7192469977,3
-0.1183569859,214.7192469977,3
-0.1121607981,216.2349886401,3
-0.1121607981,216.2349886401,3
-0.110925717,207.8967867575,3
-0.1269431744,190.4446608244,4
-0.1281782554,186.6374553716,4
-0.1281782554,186.6374553716,4
-0.1281782554,193.4923726063,4
-0.1281782554,193.4923726063,4
-0.1331156107,194.2486205777,4
-0.1331156107,194.2486205777,4
-0.1244759812,190.4446608244,4
-0.1244759812,190.4446608244,4
-0.1343595986,198.8088283025,4
-0.1343595986,198.8088283025,4
-0.1368267918,200.3245699448,4
-0.1368267918,200.3245699448,4
-0.1219969123,194.2388834794,4
-0.1219969123,194.2388834794,4
-0.1281782554,192.7231418371,4
-0.1281782554,192.7231418371,4
-0.1232319933,194.2388834794,4
-0.1232319933,194.2388834794,4
-0.1257110623,191.2009087958,4
-0.1257110623,191.2009087958,4
-0.1269431744,185.8909444985,4
-0.1269431744,185.8909444985,4
-0.1281693486,198.8088283025,4
-0.1281693486,198.8088283025,4
-0.1257110623,195.7611165206,4
-0.1257110623,195.7611165206,4
-0.1294133365,191.9571567673,4
-0.1294133365,191.9571567673,4
-0.1318805297,197.2865952613,4
-0.1318805297,197.2865952613,4
-0.1232319933,197.2865952613,4
-0.1232319933,197.2865952613,4
-0.1281782554,185.1249594288,4
-0.1281782554,185.1249594288,4
-0.1380618728,198.0460889322,4
-0.1380618728,198.0460889322,4
-0.1207648002,191.9863680623,4
-0.1207648002,191.9863680623,4
-0.1306543554,201.0938007141,4
-0.1306543554,201.0938007141,4
-0.1368178849,195.7546251217,4
-0.1368178849,195.7546251217,4
-0.1219969123,187.4034404414,4
-0.1219969123,187.4034404414,4
-0.1331156107,203.3625446284,4
-0.1331156107,203.3625446284,4
-0.1368178849,201.8403115871,4
-0.1368178849,201.8403115871,4
-0.1244670744,202.6062966569,4
-0.1244670744,202.6062966569,4
-0.1294133365,188.1726712106,4
-0.1294133365,188.1726712106,4
-0.1318894365,191.9668938656,4
-0.1318894365,191.9668938656,4
-0.1182857313,195.7611165206,4
-0.1182857313,195.7611165206,4
-0.1294133365,192.7231418371,4
-0.1294133365,192.7231418371,4
-0.1343595986,199.558584875,4
-0.1343595986,199.558584875,4
-0.1207648002,201.0808179163,4
-0.1207648002,201.0808179163,4
-0.1219969123,186.64719247,4
-0.1219969123,186.64719247,4
-0.1294133365,191.2009087958,4
-0.1294133365,191.2009087958,4
-0.1244759812,194.2486205777,4
-0.1244759812,194.2486205777,4
-0.1269342676,192.7231418371,4
-0.1269342676,192.7231418371,4
-0.1281782554,185.8812074002,4
-0.1246986521,188.1142486206,5
-0.129172852,192.8886725089,5
-0.1269342676,192.8886725089,5
-0.1269342676,188.1142486206,5
-0.129172852,188.1142486206,5
-0.1246986521,192.8886725089,5
-0.1259752984,184.2713404739,5
-0.1303455852,189.1626095424,5
-0.1282138828,189.1626095424,5
-0.1282138828,184.2713404739,5
-0.1303455852,184.2713404739,5
-0.1259752984,189.1626095424,5
-0.1259752984,191.1424862058,5
-0.1303455852,195.9169100941,5
-0.1282138828,195.9169100941,5
-0.1282138828,191.1424862058,5
-0.1303455852,191.1424862058,5
-0.1259752984,195.9169100941,5
-0.1308770263,191.8403115871,5
-0.1353512262,196.7348263551,5
-0.1331156107,196.7348263551,5
-0.1331156107,191.8403115871,5
-0.1353512262,191.8403115871,5
-0.1308770263,196.7348263551,5
-0.1222463037,188.1142486206,5
-0.1267205035,192.8886725089,5
-0.1244848881,192.8886725089,5
-0.1244848881,188.1142486206,5
-0.1267205035,188.1142486206,5
-0.1222463037,192.8886725089,5
-0.1321566415,196.3842908147,5
-0.1365239594,201.2755598832,5
-0.134285375,201.2755598832,5
-0.134285375,196.3842908147,5
-0.1365239594,196.3842908147,5
-0.1321566415,201.2755598832,5
-0.134606021,197.900032457,5
-0.1389763078,202.7913015255,5
-0.1368446054,202.7913015255,5
-0.1368446054,197.900032457,5
-0.1389763078,197.900032457,5
-0.134606021,202.7913015255,5
-0.1197969242,191.8403115871,5
-0.124167211,196.7348263551,5
-0.1220355086,196.7348263551,5
-0.1220355086,191.8403115871,5
-0.124167211,191.8403115871,5
-0.1197969242,196.7348263551,5
-0.1259752984,190.3278156443,5
-0.1303455852,195.2190847128,5
-0.1282138828,195.2190847128,5
-0.1282138828,190.3278156443,5
-0.1303455852,190.3278156443,5
-0.1259752984,195.2190847128,5
-0.1209696574,191.8403115871,5
-0.1254438573,196.7348263551,5
-0.1232052728,196.7348263551,5
-0.1232052728,191.8403115871,5
-0.1254438573,191.8403115871,5
-0.1209696574,196.7348263551,5
-0.1235259189,188.8120740019,5
-0.1278932367,193.7033430704,5
-0.1256576213,193.7033430704,5
-0.1256576213,188.8120740019,5
-0.1278932367,188.8120740019,5
-0.1235259189,193.7033430704,5
-0.1246986521,183.5702693931,5
-0.129172852,188.3479389809,5
-0.1269342676,188.3479389809,5
-0.1269342676,183.5702693931,5
-0.129172852,183.5702693931,5
-0.1246986521,188.3479389809,5
-0.1259752984,196.3842908147,5
-0.1303455852,201.2755598832,5
-0.1281070008,201.2755598832,5
-0.1281070008,196.3842908147,5
-0.1303455852,196.3842908147,5
-0.1259752984,201.2755598832,5
-0.1235259189,193.3560532295,5
-0.1278932367,198.247322298,5
-0.1256576213,198.247322298,5
-0.1256576213,193.3560532295,5
-0.1278932367,193.3560532295,5
-0.1235259189,198.247322298,5
-0.1271480316,189.6299902629,5
-0.1316252004,194.4044141512,5
-0.129386616,194.4044141512,5
-0.129386616,189.6299902629,5
-0.1316252004,189.6299902629,5
-0.1271480316,194.4044141512,5
-0.12960038,194.8685491723,5
-0.1340745799,199.7630639403,5
-0.1318359955,199.7630639403,5
-0.1318359955,194.8685491723,5
-0.1340745799,194.8685491723,5
-0.12960038,199.7630639403,5
-0.1209696574,194.8685491723,5
-0.1254438573,199.7630639403,5
-0.1232052728,199.7630639403,5
-0.1232052728,194.8685491723,5
-0.1254438573,194.8685491723,5
-0.1209696574,199.7630639403,5
-0.1259752984,182.7555988315,5
-0.1303455852,187.6468679,5
-0.1282138828,187.6468679,5
-0.1282138828,182.7555988315,5
-0.1303455852,182.7555988315,5
-0.1259752984,187.6468679,5
-0.1357787542,195.6864654333,5
-0.1402529541,200.4608893216,5
-0.1380173386,200.4608893216,5
-0.1380173386,195.6864654333,5
-0.1402529541,195.6864654333,5
-0.1357787542,200.4608893216,5
-0.1185173089,189.6299902629,5
-0.1229944778,194.4044141512,5
-0.1207558934,194.4044141512,5
-0.1207558934,189.6299902629,5
-0.1229944778,189.6299902629,5
-0.1185173089,194.4044141512,5
-0.1284276468,198.7147030185,5
-0.1329018467,203.4891269068,5
-0.1306662312,203.4891269068,5
-0.1306662312,198.7147030185,5
-0.1329018467,198.7147030185,5
-0.1284276468,203.4891269068,5
-0.134606021,193.3560532295,5
-0.1389763078,198.247322298,5
-0.1368446054,198.247322298,5
-0.1368446054,193.3560532295,5
-0.1389763078,193.3560532295,5
-0.134606021,198.247322298,5
-0.1197969242,185.0860110354,5
-0.124167211,189.8604349237,5
-0.1220355086,189.8604349237,5
-0.1220355086,185.0860110354,5
-0.124167211,185.0860110354,5
-0.1197969242,189.8604349237,5
-0.1308770263,200.9250243427,5
-0.1353512262,205.8195391107,5
-0.1331156107,205.8195391107,5
-0.1331156107,200.9250243427,5
-0.1353512262,200.9250243427,5
-0.1308770263,205.8195391107,5
-0.134606021,199.4125283999,5
-0.1389763078,204.3037974684,5
-0.1368446054,204.3037974684,5
-0.1368446054,199.4125283999,5
-0.1389763078,199.4125283999,5
-0.134606021,204.3037974684,5
-0.1222463037,200.2271989614,5
-0.1267205035,205.1217137293,5
-0.1244848881,205.1217137293,5
-0.1244848881,200.2271989614,5
-0.1267205035,200.2271989614,5
-0.1222463037,205.1217137293,5
-0.1271480316,185.7838364167,5
-0.1316252004,190.6783511847,5
-0.129386616,190.6783511847,5
-0.129386616,185.7838364167,5
-0.1316252004,185.7838364167,5
-0.1271480316,190.6783511847,5
-0.12960038,189.6299902629,5
-0.1340745799,194.4044141512,5
-0.1318359955,194.4044141512,5
-0.1318359955,189.6299902629,5
-0.1340745799,189.6299902629,5
-0.12960038,194.4044141512,5
-0.1160679295,193.3560532295,5
-0.1205421293,198.247322298,5
-0.1183035449,198.247322298,5
-0.1183035449,193.3560532295,5
-0.1205421293,193.3560532295,5
-0.1160679295,198.247322298,5
-0.1271480316,190.3278156443,5
-0.1316252004,195.2190847128,5
-0.129386616,195.2190847128,5
-0.129386616,190.3278156443,5
-0.1316252004,190.3278156443,5
-0.1271480316,195.2190847128,5
-0.1321566415,197.1989613762,5
-0.1365239594,201.9733852645,5
-0.134285375,201.9733852645,5
-0.134285375,197.1989613762,5
-0.1365239594,197.1989613762,5
-0.1321566415,201.9733852645,5
-0.1185173089,198.7147030185,5
-0.1229944778,203.4891269068,5
-0.1207558934,203.4891269068,5
-0.1207558934,198.7147030185,5
-0.1229944778,198.7147030185,5
-0.1185173089,203.4891269068,5
-0.1197969242,184.2713404739,5
-0.124167211,189.1626095424,5
-0.1220355086,189.1626095424,5
-0.1220355086,184.2713404739,5
-0.124167211,184.2713404739,5
-0.1197969242,189.1626095424,5
-0.1271480316,188.8120740019,5
-0.1316252004,193.7033430704,5
-0.129386616,193.7033430704,5
-0.129386616,188.8120740019,5
-0.1316252004,188.8120740019,5
-0.1271480316,193.7033430704,5
-0.1222463037,191.8403115871,5
-0.1267205035,196.7348263551,5
-0.1244848881,196.7348263551,5
-0.1244848881,191.8403115871,5
-0.1267205035,191.8403115871,5
-0.1222463037,196.7348263551,5
-0.1246986521,190.3278156443,5
-0.129172852,195.2190847128,5
-0.1269342676,195.2190847128,5
-0.1269342676,190.3278156443,5
-0.129172852,190.3278156443,5
-0.1246986521,195.2190847128,5
-0.1259752984,183.4534242129,5
-0.1303455852,188.3479389809,5
-0.1281070008,188.3479389809,5
-0.1281070008,183.4534242129,5
-0.1303455852,183.4534242129,5
-0.1259752984,188.3479389809,5
-0.131809275,182.0967218436,6
-0.133044356,181.3372281727,6
-0.133044356,181.3372281727,6
-0.1392435129,186.6569295683,6
-0.1392435129,186.6569295683,6
-0.1466658749,179.8247322298,6
-0.1466658749,179.8247322298,6
-0.1355293629,184.3849399546,6
-0.1355293629,184.3849399546,6
-0.130568256,187.4261603376,6
-0.130568256,187.4261603376,6
-0.139234606,184.3784485557,6
-0.139234606,184.3784485557,6
-0.130568256,186.6569295683,6
-0.130568256,186.6569295683,6
-0.134285375,174.4855566375,6
-0.134285375,174.4855566375,6
-0.130568256,187.4261603376,6
-0.130568256,187.4261603376,6
-0.1429546939,172.9730606946,6
-0.1429546939,172.9730606946,6
-0.1280891871,187.4164232392,6
-0.1280891871,187.4164232392,6
-0.1454307939,185.1444336254,6
-0.1454307939,185.1444336254,6
-0.129333175,185.9006815969,6
-0.129333175,185.9006815969,6
-0.1429606318,183.6189548848,6
-0.1429606318,183.6189548848,6
-0.135523425,185.9006815969,6
-0.135523425,185.9006815969,6
-0.1454307939,182.0967218436,6
-0.1454307939,182.0967218436,6
-0.1330532629,188.182408309,6
-0.1330532629,188.182408309,6
-0.1367555371,190.4511522233,6
-0.1367555371,190.4511522233,6
-0.1330354492,186.6569295683,6
-0.1330354492,186.6569295683,6
-0.131809275,188.182408309,6
-0.131809275,188.182408309,6
-0.137999525,176.0207724765,6
-0.137999525,176.0207724765,6
-0.137999525,188.182408309,6
-0.137999525,188.182408309,6
-0.140475625,185.9006815969,6
-0.140475625,185.9006815969,6
-0.133044356,189.6949042519,6
-0.133044356,189.6949042519,6
-0.139234606,186.6569295683,6
-0.139234606,186.6569295683,6
-0.130568256,186.6666666667,6
-0.130568256,186.6666666667,6
-0.1417196128,184.3784485557,6
-0.1417196128,184.3784485557,6
-0.130568256,187.4261603376,6
-0.130568256,187.4261603376,6
-0.1454307939,183.6189548848,6
-0.1454307939,183.6189548848,6
-0.1318003681,185.9104186952,6
-0.1318003681,185.9104186952,6
-0.1441957128,184.3784485557,6
-0.1441957128,184.3784485557,6
-0.137999525,186.6569295683,6
-0.137999525,186.6569295683,6
-0.133044356,191.2203829925,6
-0.133044356,191.2203829925,6
-0.135523425,178.2895163908,6
-0.135523425,178.2895163908,6
-0.1441957128,191.976630964,6
-0.1441957128,191.976630964,6
-0.139234606,185.1444336254,6
-0.139234606,185.1444336254,6
-0.135523425,190.4641350211,6
-0.1501365715,174.5439792275,7
-0.162540823,174.5439792275,7
-0.162540823,174.5439792275,7
-0.1588118283,168.4582927621,7
-0.1588118283,168.4582927621,7
-0.1501365715,169.9805258033,7
-0.1501365715,169.9805258033,7
-0.163775904,168.4582927621,7
-0.163775904,168.4582927621,7
-0.1526156404,163.8948393379,7
-0.1526156404,163.8948393379,7
-0.1464164836,174.5537163259,7
-0.1464164836,174.5537163259,7
-0.1612968351,173.0282375852,7
-0.1612968351,173.0282375852,7
-0.1526156404,169.2242778319,7
-0.1526156404,169.2242778319,7
-0.1476515646,169.9805258033,7
-0.1476515646,169.9805258033,7
-0.1650080162,177.5916910094,7
-0.1650080162,177.5916910094,7
-0.1476575025,173.0185004869,7
-0.1476575025,173.0185004869,7
-0.1414524078,167.6923076923,7
-0.1414524078,167.6923076923,7
-0.1526156404,160.8373904576,7
-0.1526156404,160.8373904576,7
-0.1476575025,173.7877312561,7
-0.1476575025,173.7877312561,7
-0.1625230093,171.4962674456,7
-0.1625230093,171.4962674456,7
-0.1538477525,165.4105809802,7
-0.1538477525,165.4105809802,7
-0.1464075767,166.9328140214,7
-0.1464075767,166.9328140214,7
-0.1600469093,165.4105809802,7
-0.1600469093,165.4105809802,7
-0.1501276646,169.2145407335,7
-0.1501276646,169.2145407335,7
-0.1451635889,169.2242778319,7
-0.1451635889,169.2242778319,7
-0.1538477525,167.7020447907,7
-0.1538477525,167.7020447907,7
-0.1526037646,169.9805258033,7
-0.1526037646,169.9805258033,7
-0.1550828336,166.9230769231,7
-0.1550828336,166.9230769231,7
-0.1563268214,161.6131126258,7
-0.1563268214,161.6131126258,7
-0.1439314768,166.17656605,7
-0.1439314768,166.17656605,7
-0.1637580904,169.9805258033,7
-0.1637580904,169.9805258033,7
-0.1550828336,166.9328140214,7
-0.1550828336,166.9328140214,7
-0.1451635889,169.9805258033,7
-0.1451635889,169.9805258033,7
-0.1625141025,167.6793248945,7
-0.1625141025,167.6793248945,7
-0.1525948578,172.2622525154,7
-0.1525948578,172.2622525154,7
-0.1426874889,159.3216488153,7
-0.1426874889,159.3216488153,7
-0.1575500267,165.4203180785,7
-0.1575500267,165.4203180785,7
-0.1525889199,167.7020447907,7
-0.1525889199,167.7020447907,7
-0.1463986699,168.4582927621,7
-0.1463986699,168.4582927621,7
-0.1538388457,168.4582927621,7
-0.1538388457,168.4582927621,7
-0.142678582,169.2242778319,7
-0.142678582,169.2242778319,7
-0.1612612078,165.4105809802,7
-0.150163292,176.9328140214,8
-0.150163292,172.0382992535,8
-0.1524018764,174.4855566375,8
-0.1479247076,174.4855566375,8
-0.1625230093,176.9328140214,8
-0.1625230093,172.0382992535,8
-0.1647615937,174.4855566375,8
-0.1602844249,174.4855566375,8
-0.1587940146,170.8730931516,8
-0.1587940146,165.9818240831,8
-0.161032599,168.4290814671,8
-0.1565554302,168.4290814671,8
-0.150163292,172.3888347939,8
-0.150163292,167.4975657254,8
-0.1524018764,169.9415774099,8
-0.1479247076,169.9415774099,8
-0.1638026245,170.8730931516,8
-0.1638026245,165.9818240831,8
-0.16603824,168.4290814671,8
-0.1615640401,168.4290814671,8
-0.1526156404,166.3323596235,8
-0.1526156404,161.4378448556,8
-0.1548512559,163.8851022395,8
-0.150377056,163.8851022395,8
-0.1464342973,176.9328140214,8
-0.1464342973,172.0382992535,8
-0.1486699127,174.4855566375,8
-0.1441957128,174.4855566375,8
-0.1612433941,175.4170723791,8
-0.1612433941,170.5258033106,8
-0.1634819785,172.9730606946,8
-0.1591146606,172.9730606946,8
-0.1526156404,171.5741642324,8
-0.1526156404,166.799740344,8
-0.1548512559,169.2437520286,8
-0.150377056,169.2437520286,8
-0.1477109435,172.3888347939,8
-0.1477109435,167.4975657254,8
-0.1499495279,169.9415774099,8
-0.1454753281,169.9415774099,8
-0.1649723888,179.9610516066,8
-0.1649723888,175.0697825381,8
-0.1672109732,177.5137942227,8
-0.1627367734,177.5137942227,8
-0.1477109435,175.4170723791,8
-0.1477109435,170.5258033106,8
-0.1499495279,172.9730606946,8
-0.1454753281,172.9730606946,8
-0.1415325693,170.0584225901,8
-0.1415325693,165.2839987017,8
-0.1437711537,167.6144109056,8
-0.1392939849,167.6144109056,8
-0.1526156404,163.3041220383,8
-0.1526156404,158.4128529698,8
-0.1548512559,160.8568646543,8
-0.150377056,160.8568646543,8
-0.1477109435,176.1148977605,8
-0.1477109435,171.3404738721,8
-0.1499495279,173.7877312561,8
-0.1454753281,173.7877312561,8
-0.1625230093,173.9045764362,8
-0.1625230093,169.0100616683,8
-0.1647615937,171.4573190523,8
-0.1602844249,171.4573190523,8
-0.1538922867,167.8448555664,8
-0.1538922867,162.9535864979,8
-0.1561308711,165.4008438819,8
-0.1516537023,165.4008438819,8
-0.1464342973,169.3605972087,8
-0.1464342973,164.4693281402,8
-0.1486699127,166.9133398247,8
-0.1441957128,166.9133398247,8
-0.1600736298,167.8448555664,8
-0.1600736298,162.9535864979,8
-0.1623092453,165.4008438819,8
-0.1578350454,165.4008438819,8
-0.150163292,171.5741642324,8
-0.150163292,166.799740344,8
-0.1524018764,169.1269068484,8
-0.1479247076,169.1269068484,8
-0.145261564,171.5741642324,8
-0.145261564,166.799740344,8
-0.1473932664,169.2437520286,8
-0.1430229796,169.2437520286,8
-0.1538922867,170.0584225901,8
-0.1538922867,165.2839987017,8
-0.1561308711,167.7312560857,8
-0.1516537023,167.7312560857,8
-0.1526156404,172.3888347939,8
-0.1526156404,167.4975657254,8
-0.1548512559,169.9415774099,8
-0.150377056,169.9415774099,8
-0.1550650199,169.3605972087,8
-0.1550650199,164.4693281402,8
-0.1573006354,166.9133398247,8
-0.1528264355,166.9133398247,8
-0.1563416662,164.0019474197,8
-0.1563416662,159.2275235313,8
-0.1585802506,161.5546900357,8
-0.1541060507,161.5546900357,8
-0.1439849178,168.5459266472,8
-0.1439849178,163.7682570594,8
-0.1462205332,166.0986692632,8
-0.1417463334,166.0986692632,8
-0.1636957425,172.3888347939,8
-0.1636957425,167.4975657254,8
-0.165931358,169.9415774099,8
-0.1615640401,169.9415774099,8
-0.1550650199,169.3605972087,8
-0.1550650199,164.4693281402,8
-0.1573006354,166.9133398247,8
-0.1528264355,166.9133398247,8
-0.145261564,172.3888347939,8
-0.145261564,167.4975657254,8
-0.1473932664,169.9415774099,8
-0.1430229796,169.9415774099,8
-0.1625230093,170.0584225901,8
-0.1625230093,165.2839987017,8
-0.1647615937,167.6144109056,8
-0.1602844249,167.6144109056,8
-0.1526156404,174.6024018176,8
-0.1526156404,169.8247322298,8
-0.1548512559,172.2719896138,8
-0.150377056,172.2719896138,8
-0.1427053025,161.788380396,8
-0.1427053025,156.8971113275,8
-0.1449438869,159.3443687115,8
-0.1405736001,159.3443687115,8
-0.1575143994,167.8448555664,8
-0.1575143994,162.9535864979,8
-0.1597529838,165.4008438819,8
-0.155382697,165.4008438819,8
-0.1526156404,170.0584225901,8
-0.1526156404,165.2839987017,8
-0.1548512559,167.7312560857,8
-0.150377056,167.7312560857,8
-0.1464342973,170.8730931516,8
-0.1464342973,165.9818240831,8
-0.1486699127,168.4290814671,8
-0.1441957128,168.4290814671,8
-0.1538922867,170.8730931516,8
-0.1538922867,165.9818240831,8
-0.1561308711,168.4290814671,8
-0.1516537023,168.4290814671,8
-0.1427053025,171.5741642324,8
-0.1427053025,166.799740344,8
-0.1449438869,169.2437520286,8
-0.1404667181,169.2437520286,8
-0.1612433941,167.8448555664,8
-0.1612433941,162.9535864979,8
-0.1634819785,165.4008438819,8
-0.1590077786,165.4008438819,8
-0.1624428478,166.9425511198,9
-0.1463185084,169.2340149302,9
-0.1463185084,169.2340149302,9
-0.1525087584,166.205777345,9
-0.1525087584,166.205777345,9
-0.1562288463,169.9902629017,9
-0.1562288463,169.9902629017,9
-0.1512736773,173.0477117819,9
-0.1512736773,173.0477117819,9
-0.1611810463,163.1288542681,9
-0.1611810463,163.1288542681,9
-0.1512558637,166.1863031483,9
-0.1512558637,166.1863031483,9
-0.1512558637,168.4680298604,9
-0.1512558637,168.4680298604,9
-0.1524879758,166.9620253165,9
-0.1524879758,166.9620253165,9
-0.1475357758,166.9328140214,9
-0.1475357758,166.9328140214,9
-0.1512558637,165.4105809802,9
-0.1512558637,165.4105809802,9
-0.1512469568,162.3628691983,9
-0.1512469568,162.3628691983,9
-0.147526869,173.0379746835,9
-0.147526869,173.0379746835,9
-0.1611632326,170.7562479714,9
-0.1611632326,170.7562479714,9
-0.1487589811,173.0477117819,9
-0.1487589811,173.0477117819,9
-0.1611543258,166.1863031483,9
-0.1611543258,166.1863031483,9
-0.1623983136,169.9902629017,9
-0.1623983136,169.9902629017,9
-0.1475179621,166.17656605,9
-0.1475179621,166.17656605,9
-0.1536963363,164.6543330088,9
-0.1536963363,164.6543330088,9
-0.1536963363,159.3151574164,9
-0.1536963363,159.3151574164,9
-0.1499762484,170.7562479714,9
-0.1499762484,170.7562479714,9
-0.1598865863,168.4777669588,9
-0.1598865863,168.4777669588,9
-0.1561575916,168.4680298604,9
-0.1561575916,168.4680298604,9
-0.1573986105,164.6543330088,9
-0.1573986105,164.6543330088,9
-0.151184609,163.1191171698,9
-0.151184609,163.1191171698,9
-0.15241969,173.8072054528,9
-0.15241969,173.8072054528,9
-0.1660560537,169.9805258033,9
-0.1660560537,169.9805258033,9
-0.15489579,165.4105809802,9
-0.15489579,165.4105809802,9
-0.1474378006,167.7020447907,9
-0.1474378006,167.7020447907,9
-0.1623092453,169.9902629017,9
-0.1623092453,169.9902629017,9
-0.1511489817,165.4203180785,9
-0.1511489817,165.4203180785,9
-0.1610593195,171.5254787407,9
-0.1610593195,171.5254787407,9
-0.1535983611,169.9902629017,9
-0.1535983611,169.9902629017,9
-0.1448963838,173.0477117819,9
-0.1448963838,173.0477117819,9
-0.1610118164,168.4680298604,9
-0.1610118164,168.4680298604,9
-0.1535716406,170.7562479714,9
-0.1535716406,170.7562479714,9
-0.1485897512,166.9328140214,9
-0.1485897512,166.9328140214,9
-0.157265008,176.0954235638,9
-0.157265008,176.0954235638,9
-0.1510420996,168.4582927621,9
-0.1609079033,161.6520610191,10
-0.1559527344,171.5157416423,10
-0.1559527344,171.5157416423,10
-0.1485214655,172.2817267121,10
-0.1485214655,172.2817267121,10
-0.1620954813,170.0,10
-0.1620954813,170.0,10
-0.1534202245,166.205777345,10
-0.1534202245,166.205777345,10
-0.1571076539,168.4777669588,10
-0.1571076539,168.4777669588,10
-0.1583308592,177.5916910094,10
-0.1583308592,177.5916910094,10
-0.1459444214,171.5157416423,10
-0.1459444214,171.5157416423,10
-0.1632325871,173.0379746835,10
-0.1632325871,173.0379746835,10
-0.1520901372,170.7562479714,10
-0.1520901372,170.7562479714,10
-0.1434148804,172.2817267121,10
-0.1434148804,172.2817267121,10
-0.1569918651,169.2340149302,10
-0.1569918651,169.2340149302,10
-0.1532628704,170.7562479714,10
-0.1532628704,170.7562479714,10
-0.160658512,169.2340149302,10
-0.160658512,169.2340149302,10
-0.1569384241,173.7974683544,10
-0.1569384241,173.7974683544,10
-0.1470280862,174.5439792275,10
-0.1470280862,174.5439792275,10
-0.1643073452,172.2719896138,10
-0.1643073452,172.2719896138,10
-0.1543970073,158.6140863356,10
-0.1543970073,158.6140863356,10
-0.1482008194,168.4875040571,10
-0.1482008194,168.4875040571,10
-0.1617778042,157.8578383642,10
-0.1617778042,157.8578383642,10
-0.1518674663,167.7312560857,10
-0.1518674663,167.7312560857,10
-0.1617421768,164.6835443038,10
-0.1617421768,164.6835443038,10
-0.1580131821,160.1395650763,10
-0.1580131821,160.1395650763,10
-0.1493379253,161.6520610191,10
-0.1493379253,161.6520610191,10
-0.1690932842,165.4495293736,10
-0.1690932842,165.4495293736,10
-0.1591829464,162.41155469,10
-0.1591829464,162.41155469,10
-0.1566979396,164.6900357027,10
-0.1566979396,164.6900357027,10
-0.1653197554,156.3323596235,10
-0.1653197554,156.3323596235,10
-0.1541862122,164.6835443038,10
-0.1541862122,164.6835443038,10
-0.1702303901,161.6520610191,10
-0.1702303901,161.6520610191,10
-0.1615551333,154.0636157092,10
-0.1615551333,154.0636157092,10
-0.1541238644,160.8958130477,10
-0.1541238644,160.8958130477,10
-0.165230687,158.6140863356,10
-0.165230687,158.6140863356,10
-0.1615105991,161.6423239208,10
-0.1615105991,161.6423239208,10
-0.1614927855,163.1678026615,10
-0.1614927855,163.1678026615,10
-0.165177246,154.829600779,10
-0.165177246,154.829600779,10
-0.1577370702,154.829600779,10
-0.1577370702,154.829600779,10
-0.1762603171,158.6140863356,10
-0.1762603171,158.6140863356,10
-0.1688171724,159.3800714054,10
-0.1688171724,159.3800714054,10
-0.1589187103,160.1298279779,10
-0.1589187103,160.1298279779,10
-0.1774389882,155.5761116521,10
-0.1774389882,155.5761116521,10
-0.1687637314,151.7916260954,10
-0.1687637314,151.7916260954,10
-0.1761623419,156.3323596235,10
-0.1761623419,156.3323596235,10
-0.1687221661,147.9844206426,10
-0.1687221661,147.9844206426,10
-0.1612968351,157.1015903927,10
-0.1612968351,157.1015903927,10
-0.1785760941,154.0538786108,10
-0.1785760941,154.0538786108,10
-0.1711448251,150.2661473548,10
-0.1711448251,150.2661473548,10
-0.1760732736,159.3800714054,10
-0.1760732736,159.3800714054,10
-0.1760465531,142.6874391431,10
-0.1760465531,142.6874391431,10
-0.1649041031,153.3073677377,10
-0.1649041031,153.3073677377,10
-0.1760109257,151.035378124,10
-0.1760109257,151.035378124,10
-0.172281931,146.4816617981,10
-0.172281931,146.4816617981,10
-0.166091681,155.5858487504,10
-0.166091681,155.5858487504,10
-0.1771836589,145.7156767283,10
-0.1771836589,145.7156767283,10
-0.1672822279,147.9974034404,10
-0.1672822279,147.9974034404,10
-0.1796152247,144.199935086,10
-0.1796152247,144.199935086,10
-0.1758951369,149.500162285,10
-0.1758951369,149.500162285,10
-0.1684638679,150.2661473548,10
-0.1684638679,150.2661473548,10
-0.1795617837,147.2281726712,10
-0.1795617837,147.2281726712,10
-0.1733655959,148.7536514119,10
-0.1733655959,148.7536514119,10
-0.1819963185,147.9974034404,10
-0.1819963185,147.9974034404,10
-0.1745620806,141.9182083739,10
-0.1745620806,141.9182083739,10
-0.1708330859,152.5478740669,10
-0.1708330859,152.5478740669,10
-0.1856451517,141.1522233041,10
-0.1856451517,141.1522233041,10
-0.1769788017,146.4816617981,10
-0.1769788017,146.4816617981,10
-0.172014726,147.9974034404,10
-0.172014726,147.9974034404,10
-0.1781693486,135.8519961052,10
-0.1781693486,135.8519961052,10
-0.1756813728,147.9974034404,10
-0.1756813728,147.9974034404,10
-0.1880232765,136.6082440766,10
-0.1880232765,136.6082440766,10
-0.1818270887,141.9182083739,10
-0.1818270887,141.9182083739,10
-0.1719167508,143.4436871146,10
-0.1719167508,143.4436871146,10
-0.1854937355,141.1619604025,10
-0.1854937355,141.1619604025,10
-0.1755833977,143.4339500162,10
-0.1755833977,143.4339500162,10
-0.1891603824,140.405712431,10
-0.1891603824,140.405712431,10
-0.1792500445,126.7478091529,10
-0.1792500445,126.7478091529,10
-0.1742889377,139.6494644596,10
-0.1742889377,139.6494644596,10
-0.1866308414,136.6082440766,10
-0.1866308414,136.6082440766,10
-0.1779644914,139.6494644596,10
-0.1779644914,139.6494644596,10
-0.1878273262,144.199935086,10
-0.1878273262,144.199935086,10
-0.1840983315,141.9182083739,10
-0.1840983315,141.9182083739,10
-0.1741909625,143.4339500162,10
-0.1741909625,143.4339500162,10
-0.1914761594,140.4154495294,10
-0.1914761594,140.4154495294,10
-0.1803337094,135.0957481337,10
-0.1803337094,135.0957481337,10
-0.1766047147,136.6082440766,10
-0.1766047147,136.6082440766,10
-0.1840092631,143.4339500162,10
-0.1840092631,143.4339500162,10
-0.1778130752,144.9561830574,10
-0.1778130752,144.9561830574,10
-0.1889020842,131.2917883804,10
-0.1889020842,131.2917883804,10
-0.1851909032,137.3677377475,10
-0.1851909032,137.3677377475,10
-0.1740395463,138.1239857189,10
-0.1740395463,138.1239857189,10
-0.1925509174,134.3297630639,10
-0.1925509174,134.3297630639,10
-0.1863636364,136.6082440766,10
-0.1863636364,136.6082440766,10
-0.193759278,140.4154495294,10
-0.193759278,140.4154495294,10
-0.186328009,138.1337228173,10
-0.186328009,138.1337228173,10
-0.1801318212,139.6494644596,10
-0.1801318212,139.6494644596,10
-0.194940918,136.6082440766,10
-0.194940918,136.6082440766,10
-0.182563387,131.2982797793,10
-0.182563387,131.2982797793,10
-0.1800665044,132.8140214216,10
-0.1800665044,132.8140214216,10
-0.1887091028,131.2982797793,10
-0.1887091028,131.2982797793,10
-0.180033846,132.8140214216,10
-0.180033846,132.8140214216,10
-0.1960780239,129.7857838364,10
-0.1960780239,129.7857838364,10
-0.1898788671,135.0957481337,10
-0.1898788671,135.0957481337,10
-0.1873938602,136.6082440766,10
-0.1873938602,136.6082440766,10
-0.1910783208,134.3395001623,10
-0.1910783208,134.3395001623,10
-0.1848821329,136.6082440766,10
-0.1848821329,136.6082440766,10
-0.1959889555,124.4758195391,10
-0.1959889555,124.4758195391,10
-0.1910248798,130.535540409,10
-0.1910248798,130.535540409,10
-0.1811175108,132.0577734502,10
-0.1811175108,132.0577734502,10
-0.1984027077,129.0197987666,10
-0.1984027077,129.0197987666,10
-0.1847900956,132.0577734502,10
-0.1847900956,132.0577734502,10
-0.1983581735,135.0957481337,10
-0.1983581735,135.0957481337,10
-0.1933940977,132.8140214216,10
-0.1933940977,132.8140214216,10
-0.1847366546,134.3297630639,10
-0.1847366546,134.3297630639,10
-0.2020159135,130.5420318079,10
-0.2020159135,130.5420318079,10
-0.1871622825,125.9818240831,10
-0.1871622825,125.9818240831,10
-0.1970369931,129.7857838364,10
-0.1970369931,129.7857838364,10
-0.1920640105,115.3618954885,10
-0.1920640105,115.3618954885,10
-0.1895671278,128.2635507952,10
-0.1895671278,128.2635507952,10
-0.1920283831,125.2320675105,10
-0.1920283831,125.2320675105,10
-0.1870643073,116.8841285297,10
-0.1870643073,116.8841285297,10
-0.1944599489,122.9535864979,10
-0.1944599489,122.9535864979,10
-0.1993883974,130.5420318079,10
-0.1993883974,130.5420318079,10
-0.1894810284,121.4378448556,10
-0.1894810284,121.4378448556,10
-0.2055252063,118.3901330737,10
-0.2055252063,118.3901330737,10
-0.1980939374,124.4660824408,10
-0.1980939374,124.4660824408,10
-0.1931387685,125.9818240831,10
-0.1931387685,125.9818240831,10
-0.2017694911,122.9406037001,10
-0.2017694911,122.9406037001,10
-0.1930942343,125.2255761117,10
-0.1930942343,125.2255761117,10
-0.1943115017,122.1843557287,10
-0.1943115017,122.1843557287,10
-0.1992280743,116.1181434599,10
-0.1992280743,116.1181434599,10
-0.1930407933,129.0100616683,10
-0.1930407933,129.0100616683,10
-0.2053648833,115.3521583901,10
-0.2053648833,115.3521583901,10
-0.1954723591,119.1463810451,10
-0.1954723591,119.1463810451,10
-0.207805356,115.3618954885,10
-0.207805356,115.3618954885,10
-0.2028323734,121.4281077572,10
-0.2028323734,121.4281077572,10
-0.1941778992,122.9535864979,10
-0.1941778992,122.9535864979,10
-0.2052847218,120.6718597858,10
-0.2052847218,120.6718597858,10
-0.1990796271,123.7098344693,10
-0.1990796271,123.7098344693,10
-0.2027729945,110.7984420643,10
-0.2027729945,110.7984420643,10
-0.205222374,115.3521583901,10
-0.205222374,115.3521583901,10
-0.197791105,118.3901330737,10
-0.197791105,118.3901330737,10
-0.2125912951,114.5959104187,10
-0.2125912951,114.5959104187,10
-0.2014577519,118.3901330737,10
-0.2014577519,118.3901330737,10
-0.2150347367,114.605647517,10
-0.2150347367,114.605647517,10
-0.205115492,100.9380071405,10
-0.205115492,100.9380071405,10
-0.2013954041,113.0899058747,10
-0.2013954041,113.0899058747,10
-0.2125022267,108.5264524505,10
-0.2125022267,108.5264524505,10
-0.2050620509,110.8081791626,10
-0.2050620509,110.8081791626,10
-0.2161599667,107.0042194093,10
-0.2161599667,107.0042194093,10
-0.2112077668,111.5676728335,10
-0.2112077668,111.5676728335,10
-0.2025414168,113.0899058747,10
-0.2025414168,113.0899058747,10
-0.2136393326,109.2956832197,10
-0.2136393326,109.2956832197,10
-0.2074431447,112.3336579033,10
-0.2074431447,112.3336579033,10
-0.2185499673,100.1914962674,10
-0.2185499673,100.1914962674,10
-0.2148209726,105.4982148653,10
-0.2148209726,105.4982148653,10
-0.2049106348,107.0139565076,10
-0.2049106348,107.0139565076,10
-0.2147853453,103.2164881532,10
-0.2147853453,103.2164881532,10
-0.2135235437,105.4982148653,10
-0.2135235437,105.4982148653,10
-0.2246333353,109.2956832197,10
-0.2246333353,109.2956832197,10
-0.2184430853,104.7322297955,10
-0.2184430853,104.7322297955,10
-0.2110118164,108.5394352483,10
-0.2110118164,108.5394352483,10
-0.215931358,97.1437844856,10
-0.215931358,97.1437844856,10
-0.2109583754,99.4222654982,10
-0.2109583754,99.4222654982,10
-0.2220741049,96.3842908147,10
-0.2220741049,96.3842908147,10
-0.2195801912,101.7039922103,10
-0.2195801912,101.7039922103,10
-0.2109049344,102.4505030834,10
-0.2109049344,102.4505030834,10
-0.2232557449,98.6660175268,10
-0.2232557449,98.6660175268,10
-0.213345407,101.7039922103,10
-0.213345407,101.7039922103,10
-0.2256873107,97.1502758845,10
-0.2256873107,97.1502758845,10
-0.2182560418,92.5900681597,10
-0.2182560418,92.5900681597,10
-0.2170150229,104.7419668939,10
-0.2170150229,104.7419668939,10
-0.2268689508,101.7039922103,10
-0.2268689508,101.7039922103,10
-0.2182026008,103.2164881532,10
-0.2182026008,103.2164881532,10
-0.2144736061,100.9380071405,10
-0.2144736061,100.9380071405,10
-0.2243483166,95.6377799416,10
-0.2243483166,95.6377799416,10
-0.2144379787,97.1437844856,10
-0.2144379787,97.1437844856,10
-0.2317261445,94.1123012009,10
-0.2317261445,94.1123012009,10
-0.2181224393,95.6377799416,10
-0.2181224393,95.6377799416,10
-0.2329255982,92.599805258,10
-0.2329255982,92.599805258,10
-0.2242681551,88.0460889322,10
-0.2242681551,88.0460889322,10
-0.2168279793,89.5520934761,10
-0.2168279793,89.5520934761,10
-0.225458702,87.2898409607,10
-0.225458702,87.2898409607,10
-0.2217386141,98.6562804284,10
-0.2217386141,98.6562804284,10
-0.2340805178,87.2898409607,10
-0.2340805178,87.2898409607,10
-0.230357461,92.599805258,10
-0.230357461,92.599805258,10
-0.2229172852,93.3560532295,10
-0.2229172852,93.3560532295,10
-0.2278457336,81.9701395651,10
-0.2278457336,81.9701395651,10
-0.2241256457,93.3560532295,10
-0.2241256457,93.3560532295,10
-0.2401698236,88.7925998053,10
-0.2401698236,88.7925998053,10
-0.2277922926,84.2421291788,10
-0.2277922926,84.2421291788,10
-0.23767591,95.6377799416,10
-0.23767591,95.6377799416,10
-0.2327029274,83.4956183057,10
-0.2327029274,83.4956183057,10
-0.2265067395,85.7676079195,10
-0.2265067395,85.7676079195,10
-0.24133365,82.7263875365,10
-0.24133365,82.7263875365,10
-0.2314351879,88.0460889322,10
-0.2314351879,88.0460889322,10
-0.2326405795,82.7263875365,10
-0.2326405795,82.7263875365,10
-0.2338667538,78.1856540084,10
-0.2338667538,78.1856540084,10
-0.2289115848,89.5618305745,10
-0.2289115848,89.5618305745,10
-0.2449557627,84.9983771503,10
-0.2449557627,84.9983771503,10
-0.2276349385,78.9321648815,10
-0.2276349385,78.9321648815,10
-0.241226768,85.7676079195,10
-0.241226768,85.7676079195,10
-0.2387328543,80.4576436222,10
-0.2387328543,80.4576436222,10
-0.2288314233,82.7263875365,10
-0.2288314233,82.7263875365,10
-0.2411822338,88.8023369036,10
-0.2411822338,88.8023369036,10
-0.2300397839,72.8659526128,10
-0.2300397839,72.8659526128,10
-0.2485600618,80.4576436222,10
-0.2485600618,80.4576436222,10
-0.2398966807,75.1476793249,10
-0.2398966807,75.1476793249,10
-0.2300041565,77.4164232392,10
-0.2300041565,77.4164232392,10
-0.2398788671,74.3784485557,10
-0.2398788671,74.3784485557,10
-0.2349147913,85.0081142486,10
-0.2349147913,85.0081142486,10
-0.2447954397,72.8659526128,10
-0.2447954397,72.8659526128,10
-0.2410753518,77.4099318403,10
-0.2410753518,77.4099318403,10
-0.2472388813,78.9419019799,10
-0.2472388813,78.9419019799,10
-0.2484531797,82.7263875365,10
-0.2484531797,82.7263875365,10
-0.2348613503,78.1759169101,10
-0.2348613503,78.1759169101,10
-0.2459681729,74.388185654,10
-0.2459681729,74.388185654,10
-0.236057835,69.8377150276,10
-0.236057835,69.8377150276,10
-0.2533638145,80.4446608244,10
-0.2533638145,80.4446608244,10
-0.2471765335,78.1759169101,10
-0.2471765335,78.1759169101,10
-0.2347900956,71.3502109705,10
-0.2347900956,71.3502109705,10
-0.2483730182,69.0619928595,10
-0.2483730182,69.0619928595,10
-0.2397274509,70.593962999,10
-0.2397274509,70.593962999,10
-0.2545454545,69.0684842584,10
-0.2545454545,69.0684842584,10
-0.2495902856,71.3502109705,10
-0.2495902856,71.3502109705,10
-0.2397096372,75.894190198,10
-0.2397096372,75.894190198,10
-0.2520693546,72.1097046414,10
-0.2520693546,72.1097046414,10
-0.2458880114,76.6601752678,10
-0.2458880114,76.6601752678,10
-0.2557716288,71.3404738721,10
-0.2557716288,71.3404738721,10
-0.2458791046,60.723790977,10
-0.2458791046,60.723790977,10
-0.2409417493,69.8279779292,10
-0.2409417493,69.8279779292,10
-0.2533044356,66.799740344,10
-0.2533044356,66.799740344,10
-0.2458880114,69.8279779292,10
-0.2458880114,69.8279779292,10
-0.2594828098,66.7900032457,10
-0.2594828098,66.7900032457,10
-0.2495902856,71.3502109705,10
-0.2495902856,71.3502109705,10
-0.2533044356,63.7520285622,10
-0.2533044356,63.7520285622,10
-0.2545365477,68.3122362869,10
-0.2545365477,68.3122362869,10
-0.2458880114,72.1097046414,10
-0.2458880114,72.1097046414,10
-0.263185084,66.799740344,10
-0.263185084,66.799740344,10
-0.2483581735,65.2742616034,10
-0.2483581735,65.2742616034,10
-0.261950003,66.7900032457,10
-0.261950003,66.7900032457,10
-0.2520604477,65.2742616034,10
-0.2520604477,65.2742616034,10
-0.2434119114,57.6858162934,10
-0.2434119114,57.6858162934,10
-0.2557716288,63.0022719896,10
-0.2557716288,63.0022719896,10
-0.2508253667,67.5462512171,10
-0.2508253667,67.5462512171,10
-0.263185084,56.9263226225,10
-0.263185084,56.9263226225,10
-0.2532925598,59.1983122363,10
-0.2532925598,59.1983122363,10
-0.2656522772,65.2742616034,10
-0.2656522772,65.2742616034,10
-0.256994834,52.3661148978,10
-0.256994834,52.3661148978,10
-0.2495902856,62.2362869198,10
-0.2495902856,62.2362869198,10
-0.2644201651,58.4518013632,10
-0.2644201651,58.4518013632,10
-0.2545276409,61.4897760467,10
-0.2545276409,61.4897760467,10
-0.2681224393,58.4420642648,10
-0.2681224393,58.4420642648,10
-0.2557627219,54.6445959104,10
-0.2557627219,54.6445959104,10
-0.2582388219,56.1700746511,10
-0.2582388219,56.1700746511,10
-0.2619410961,53.1320999675,10
-0.2619410961,53.1320999675,10
-0.2545276409,54.6445959104,10
-0.2545276409,54.6445959104,10
-0.2730687014,61.4800389484,10
-0.2730687014,61.4800389484,10
-0.256994834,53.8980850373,10
-0.256994834,53.8980850373,10
-0.2705985393,58.4518013632,10
-0.2705985393,58.4518013632,10
-0.2644201651,56.1700746511,10
-0.2644201651,56.1700746511,10
-0.2532925598,57.6858162934,10
-0.2532925598,57.6858162934,10
-0.2693575203,54.6543330088,10
-0.2693575203,54.6543330088,10
-0.260708984,56.9263226225,10
-0.260708984,56.9263226225,10
-0.2730687014,54.6445959104,10
-0.2730687014,54.6445959104,10
-0.2644201651,50.1038623823,10
-0.2644201651,50.1038623823,10
-0.2743008135,52.382343395,10
-0.2743008135,52.382343395,10
-0.2656522772,50.8503732554,10
-0.2656522772,50.8503732554,10
-0.256994834,50.8503732554,10
-0.256994834,50.8503732554,10
-0.2755358945,49.3443687115,10
-0.2755358945,49.3443687115,10
-0.2631761772,50.1038623823,10
-0.2631761772,50.1038623823,10
-0.2743008135,48.5783836417,10
-0.2743008135,48.5783836417,10
-0.2718336203,53.1320999675,10
-0.2718336203,53.1320999675,10
-0.2693575203,54.6445959104,10
-0.2693575203,54.6445959104,10
-0.2730687014,51.6163583252,10
-0.2730687014,51.6163583252,10
-0.2619410961,44.793898085,10
-0.2619410961,44.793898085,10
-0.2767709756,44.0279130153,10
-0.2767709756,44.0279130153,10
-0.2668784514,44.7841609867,10
-0.2668784514,44.7841609867,10
-0.2792381688,48.58812074,10
-0.2792381688,48.58812074,10
-0.2755358945,45.5501460565,10
-0.2755358945,45.5501460565,10
-0.2619410961,47.8221356702,10
-0.2619410961,47.8221356702,10
-0.2755358945,44.793898085,10
-0.2755358945,44.793898085,10
-0.2705985393,45.5404089581,10
-0.2705985393,45.5404089581,10
-0.2841933377,44.0279130153,10
-0.2841933377,44.0279130153,10
-0.2755358945,40.2304446608,10
-0.2755358945,40.2304446608,10
-0.2743008135,41.7559234015,10
-0.2743008135,41.7559234015,10
-0.2743008135,39.464459591,10
-0.2743008135,39.464459591,10
-0.2718336203,47.0658876988,10
-0.2718336203,47.0658876988,10
-0.2792470756,39.4741966894,10
-0.2792470756,39.4741966894,10
-0.2730687014,40.2304446608,10
-0.2730687014,40.2304446608,10
-0.2854284187,38.7082116196,10
-0.2854284187,38.7082116196,10
-0.2792470756,34.1642323921,10
-0.2792470756,34.1642323921,10
-0.2718336203,44.0376501136,10
-0.2718336203,44.0376501136,10
-0.2804821566,33.4079844206,10
-0.2804821566,33.4079844206,10
-0.2743008135,34.9107432652,10
-0.2743008135,34.9107432652,10
-0.2817172377,33.4079844206,10
-0.2817172377,33.4079844206,10
-0.2767709756,34.1544952937,10
-0.2767709756,34.1544952937,10
-0.2878956119,34.1642323921,10
-0.2878956119,34.1642323921,10
-0.2854195119,34.1642323921,10
-0.2854195119,34.1642323921,10
-0.2915978861,37.9584550471,10
-0.2915978861,37.9584550471,10
-0.2878956119,28.8445309964,10
-0.2878956119,28.8445309964,10
-0.2866605308,28.8542680948,10
-0.2866605308,28.8542680948,10
-0.2990202482,28.8445309964,10
-0.2990202482,28.8445309964,10
-0.2866605308,28.0980201233,10
-0.2866605308,28.0980201233,10
-0.2854284187,25.8162934112,10
-0.2854284187,25.8162934112,10
-0.2977881361,27.3320350536,10
-0.2977881361,27.3320350536,10
-0.3039665103,27.3320350536,10
-0.3039665103,27.3320350536,10
-0.3052015914,21.252839987,10
-0.3052015914,21.252839987,10
-0.2903628051,22.0220707562,10
-0.2903628051,22.0220707562,10
-0.3113799656,19.7500811425,10
-0.3113799656,19.7500811425,10
-0.2990202482,18.2278481013,10
-0.2990202482,18.2278481013,10
-0.3126150466,18.2148653035,10
-0.3126150466,18.2148653035,10
-0.3064366724,17.4683544304,10
-0.3064366724,17.4683544304,10
-0.2953090672,16.7023693606,10
-0.2953090672,16.7023693606,10
-0.3089038656,16.7121064589,10
-0.3089038656,16.7121064589,10
-0.3002553293,16.7023693606,10
-0.3002553293,16.7023693606,10
-0.3175524019,17.4683544304,10
-0.3175524019,17.4683544304,10
-0.3064277656,16.7023693606,10
-0.3064277656,16.7023693606,10
-0.3101389466,15.9428756897,10
-0.3101389466,15.9428756897,10
-0.3150852087,15.9558584875,10
-0.3150852087,15.9558584875,10
-0.3039665103,15.9558584875,10
-0.3039665103,15.9558584875,10
-0.3150911466,15.9558584875,10
-0.3150911466,15.9558584875,10
-0.3101478535,15.1866277183,10
-0.3101478535,15.1866277183,10
-0.3225075708,15.1866277183,10
-0.3225075708,15.1866277183,10
-0.3089127724,15.1963648166,10
-0.3089127724,15.1963648166,10
-0.3163262277,15.1963648166,10
-0.3163262277,15.1963648166,10
-0.3163262277,15.1866277183,10
-0.3163262277,15.1866277183,10
-0.3126150466,15.1866277183,10
-0.3126150466,15.1866277183,10
-0.3212635829,14.4303797468,10
-0.3212635829,14.4303797468,10
-0.2965441482,6.0856864654,10
-0.2965441482,6.0856864654,10
-0.3138501277,11.3891593638,10
-0.3138501277,11.3891593638,10
-0.3101389466,12.917883804,10
-0.3101389466,12.917883804,10
-0.3150852087,5.3261927945,10
-0.3150852087,5.3261927945,10
-0.3113799656,7.6046738072,10
-0.3113799656,7.6046738072,10
-0.3175613087,11.3891593638,10
-0.3175613087,11.3891593638,10
-0.3002553293,2.2914638105,10
-0.3002553293,2.2914638105,10
-0.3076687845,15.1866277183,10
-0.3076687845,15.1866277183,10
-0.3027225224,6.0856864654,10
-0.3027225224,6.0856864654,10
-0.2990202482,12.1583901331,10
-0.2990202482,12.1583901331,10
-0.3175524019,11.3891593638,10
-0.3175524019,11.3891593638,10
-0.3064366724,10.6361570919,10
-0.3064366724,10.6361570919,10
-0.3150911466,9.8799091204,10
-0.3150911466,9.8799091204,10
-0.3076687845,5.3261927945,10
-0.3076687845,5.3261927945,10
-0.3126150466,12.1583901331,10
-0.3126150466,12.1583901331,10
-0.3126150466,11.3988964622,10
-0.3126150466,11.3988964622,10
-0.2990202482,5.3197013957,10
-0.2990202482,5.3197013957,10
-0.3113799656,5.3261927945,10
-0.3113799656,5.3261927945,10
-0.3027225224,6.8419344369,10
-0.3027225224,6.8419344369,10
-0.3200285019,15.1866277183,10
-0.3200285019,15.1866277183,10
-0.3052015914,6.0791950665,10
-0.3052015914,6.0791950665,10
-0.3064366724,13.6741317754,10
-0.3064366724,13.6741317754,10
-0.3163173208,12.1583901331,10
-0.3163173208,12.1583901331,10
-0.3002553293,5.3197013957,10
-0.3002553293,5.3197013957,10
-0.3212635829,8.3609217786,10
-0.3212635829,8.3609217786,10
-0.3052015914,5.3229470951,10
-0.3052015914,5.3229470951,10
-0.3126061398,8.3609217786,10
-0.3126061398,8.3609217786,10
-0.3101389466,3.0509574813,10
-0.3101389466,3.0509574813,10
-0.318784514,6.8419344369,10
-0.318784514,6.8419344369,10
-0.3150852087,3.8072054528,10
-0.3150852087,3.8072054528,10
-0.3064366724,8.3609217786,10
-0.3064366724,8.3609217786,10
-0.3138501277,3.041220383,10
-0.3138501277,3.041220383,10
-0.3089127724,4.5731905226,10
-0.3089127724,4.5731905226,10
-0.3175613087,7.5949367089,10
-0.3175613087,7.5949367089,10
-0.3076687845,4.5602077248,10
-0.3076687845,4.5602077248,10
-0.3064366724,6.8419344369,10
-0.3064366724,6.8419344369,10
-0.3163262277,3.8104511522,10
-0.3163262277,3.8104511522,10
-0.3064366724,10.6361570919,10
-0.3064366724,10.6361570919,10
-0.3225075708,8.3609217786,10
-0.3225075708,8.3609217786,10
-0.3101389466,5.3197013957,10
-0.3101389466,5.3197013957,10
-0.3237396829,8.3576760792,10
-0.3237396829,8.3576760792,10
-0.3101389466,4.5699448231,10
-0.3101389466,4.5699448231,10
-0.3101389466,12.1486530347,10
-0.3101389466,12.1486530347,10
-0.3150852087,5.3229470951,10
-0.3150852087,5.3229470951,10
-0.3052015914,4.5699448231,10
-0.3052015914,4.5699448231,10
-0.3200285019,9.8799091204,10
-0.3200285019,9.8799091204,10
-0.3064277656,4.5731905226,10
-0.3064277656,4.5731905226,10
-0.322495695,8.3544303797,10
-0.322495695,8.3544303797,10
-0.3089038656,6.8451801363,10
-0.3089038656,6.8451801363,10
-0.3175524019,3.041220383,10
-0.3175524019,3.041220383,10
-0.3101389466,3.041220383,10
-0.3101389466,3.041220383,10
-0.3101478535,6.8451801363,10
-0.3101478535,6.8451801363,10
-0.326209845,10.6361570919,10
-0.326209845,10.6361570919,10
-0.3101478535,6.0856864654,10
-0.3101478535,6.0856864654,10
-0.3175613087,6.0791950665,10
-0.3175613087,6.0791950665,10
-0.3150911466,3.0509574813,10
-0.3150911466,3.0509574813,10
-0.3014904103,6.0791950665,10
-0.3014904103,6.0791950665,10
-0.3187963898,5.3229470951,10
-0.3187963898,5.3229470951,10
-0.3064366724,4.5731905226,10
-0.3064366724,4.5731905226,10
-0.3138501277,3.8072054528,10
-0.3138501277,3.8072054528,10
-0.3076687845,3.8072054528,10
-0.3076687845,3.8072054528,10
-0.3200285019,3.8072054528,10
-0.3200285019,3.8072054528,10
-0.3101389466,3.0477117819,10
-0.3101389466,3.0477117819,10
-0.3212635829,6.0791950665,10
-0.3212635829,6.0791950665,10
-0.3138501277,4.5731905226,10
-0.3138501277,4.5731905226,10
-0.3052015914,5.3229470951,10
-0.3052015914,5.3229470951,10
-0.3200285019,5.3261927945,10
-0.3200285019,5.3261927945,10
-0.3051926845,5.3229470951,10
-0.3051926845,5.3229470951,10
-0.322495695,3.8072054528,10
-0.322495695,3.8072054528,10
-0.3150852087,3.8104511522,10
-0.3150852087,3.8104511522,10
-0.3051926845,2.2914638105,10
-0.3051926845,2.2914638105,10
-0.3175613087,2.288218111,10
-0.3175613087,2.288218111,10
-0.3064366724,4.5634534242,10
-0.3064366724,4.5634534242,10
-0.3163262277,3.7974683544,10
-0.3163262277,3.7974683544,10
-0.3076687845,3.8104511522,10
-0.3076687845,3.8104511522,10
-0.3200285019,3.8136968517,10
-0.3200285019,3.8136968517,10
-0.3113799656,3.0509574813,10
-0.3113799656,3.0509574813,10
-0.3187963898,4.5602077248,10
-0.3187963898,4.5602077248,10
-0.3126150466,4.5634534242,10
-0.3126150466,4.5634534242,10
-0.3052015914,6.0856864654,10
-0.3052015914,6.0856864654,10
-0.324974764,9.8799091204,10
-0.324974764,9.8799091204,10
-0.3126150466,5.3261927945,10
-0.3126150466,5.3261927945,10
-0.3274419571,3.0542031808,10
-0.3274419571,3.0542031808,10
-0.3348643192,1.5319701396,10
-0.3348643192,1.5319701396,10
-0.3422807434,1.5319701396,10
-0.3422807434,1.5319701396,10
-0.3336233003,0.0064913989,10
-0.3336233003,0.0064913989,10
-0.3064277656,0.7692307692,10
