w,sign,path
0.024102686,311.8061674009,0
0.0161873069,310.2953173438,0
0.0161873069,310.2953173438,0
0.0174708819,315.6012400065,0
0.0174708819,315.6012400065,0
0.022819111,304.986131506,0
0.022819111,304.986131506,0
0.0270263846,310.2822646435,0
0.0270263846,310.2822646435,0
0.0295935346,315.5914504813,0
0.0295935346,315.5914504813,0
0.0481340623,317.8658835046,0
0.0481340623,317.8658835046,0
0.0556215831,298.1530429108,0
0.0556215831,298.1530429108,0
0.0683860233,301.9513786915,0
0.0683860233,301.9513786915,0
0.0952697884,311.8061674009,0
0.0952697884,311.8061674009,0
0.1165913953,292.093326807,0
0.1165913953,292.093326807,0
0.1341335869,296.6421928536,0
0.1341335869,296.6421928536,0
0.1554551937,295.1280796215,0
0.1554551937,295.1280796215,0
0.1417637271,291.3330070158,0
0.1417637271,291.3330070158,0
0.1396244355,285.2732909121,0
0.1396244355,285.2732909121,0
0.1548134062,286.023821178,0
0.1548134062,286.023821178,0
0.1539576896,282.2352749225,0
0.1539576896,282.2352749225,0
0.1581649632,283.7493881547,0
0.1581649632,283.7493881547,0
0.1594485382,295.1182900963,0
0.1594485382,295.1182900963,0
0.1671499881,287.5346712351,0
0.1671499881,287.5346712351,0
0.163085334,279.951052374,0
0.163085334,279.951052374,0
0.1680057048,282.2254853973,0
0.1680057048,282.2254853973,0
0.1695032089,292.8438570729,0
0.1695032089,292.8438570729,0
0.1789160922,271.6071137217,0
0.1789160922,271.6071137217,0
0.1671499881,292.0835372818,0
0.1671499881,292.0835372818,0
0.1804135964,271.6071137217,0
0.1804135964,271.6071137217,0
0.1824815783,286.7841409692,0
0.1824815783,286.7841409692,0
0.1837651533,270.0962636645,0
0.1837651533,270.0962636645,0
0.1716425006,286.023821178,0
0.1716425006,286.023821178,0
0.1818397908,282.9792788383,0
0.1818397908,282.9792788383,0
0.1888994533,287.5346712351,0
0.1888994533,287.5346712351,0
0.1737817923,279.951052374,0
0.1737817923,279.951052374,0
0.1765628714,273.1212269538,0
0.1765628714,273.1212269538,0
0.2023769907,279.951052374,0
0.2023769907,279.951052374,0
0.1799857381,271.6071137217,0
0.1799857381,271.6071137217,0
0.1759210839,278.4402023169,0
0.1759210839,278.4402023169,0
0.1854765866,270.8565834557,0
0.1854765866,270.8565834557,0
0.1888994533,272.3609071627,0
0.1888994533,272.3609071627,0
0.188471595,278.4304127916,0
0.188471595,278.4304127916,0
0.1869740908,289.8188937837,0
0.1869740908,289.8188937837,0
0.1983123366,268.5723609072,0
0.1983123366,268.5723609072,0
0.1985262657,274.6451297112,0
0.1985262657,274.6451297112,0
0.1787021631,280.7146353402,0
0.1787021631,280.7146353402,0
0.1961730449,269.3359438734,0
0.1961730449,269.3359438734,0
0.1944616116,276.1559797683,0
0.1944616116,276.1559797683,0
0.1916805324,281.4651656061,0
0.1916805324,281.4651656061,0
0.1914666033,275.4054495024,0
0.1914666033,275.4054495024,0
0.2055859282,273.1212269538,0
0.2055859282,273.1212269538,0
0.208723556,277.6896720509,0
0.208723556,277.6896720509,0
0.188471595,270.0962636645,0
0.188471595,270.0962636645,0
0.1910387449,273.8913362702,0
0.1910387449,273.8913362702,0
0.2051580699,279.200522108,0
0.2051580699,279.200522108,0
0.2023769907,271.6201664219,0
0.2023769907,271.6201664219,0
0.1944616116,278.4304127916,0
0.1944616116,278.4304127916,0
0.2055859282,276.9162995595,0
0.2055859282,276.9162995595,0
0.2051580699,264.0267580356,0
0.2051580699,264.0267580356,0
0.2051580699,270.0962636645,0
0.2051580699,270.0962636645,0
0.1968148324,276.9293522597,0
0.1968148324,276.9293522597,0
0.1998098407,274.6451297112,0
0.1998098407,274.6451297112,0
0.2000237699,275.4054495024,0
0.2000237699,275.4054495024,0
0.2002376991,273.131016479,0
0.2002376991,273.131016479,0
0.2030187782,276.1559797683,0
0.2030187782,276.1559797683,0
0.2080817685,282.2352749225,0
0.2080817685,282.2352749225,0
0.1974566199,279.1907325828,0
0.1974566199,279.1907325828,0
0.1972426908,258.7175721977,0
0.1972426908,258.7175721977,0
0.2119324935,275.4152390276,0
0.2119324935,275.4152390276,0
0.2121464226,266.3109805841,0
0.2121464226,266.3109805841,0
0.2045162824,273.131016479,0
0.2045162824,273.131016479,0
0.2004516282,271.6201664219,0
0.2004516282,271.6201664219,0
0.2045162824,273.131016479,0
0.2045162824,273.131016479,0
0.2142857143,270.0962636645,0
0.2142857143,270.0962636645,0
0.2121464226,272.3609071627,0
0.2121464226,272.3609071627,0
0.2119324935,279.951052374,0
0.2119324935,279.951052374,0
0.2164250059,263.2762277696,0
0.2164250059,263.2762277696,0
0.2078678393,270.0962636645,0
0.2078678393,270.0962636645,0
0.2025909199,263.2631750693,0
0.2025909199,263.2631750693,0
0.208723556,278.4304127916,0
0.208723556,278.4304127916,0
0.2245543142,261.7523250122,0
0.2245543142,261.7523250122,0
0.2179225101,268.5854136074,0
0.2179225101,268.5854136074,0
0.2189921559,271.6201664219,0
0.2189921559,271.6201664219,0
0.2230568101,268.5723609072,0
0.2230568101,268.5723609072,0
0.2117185643,269.3359438734,0
0.2117185643,269.3359438734,0
0.2057998574,276.1657692935,0
0.2057998574,276.1657692935,0
0.2132160685,261.0017947463,0
0.2132160685,261.0017947463,0
0.2243403851,267.0615108501,0
0.2243403851,267.0615108501,0
0.2198478726,258.7175721977,0
0.2198478726,258.7175721977,0
0.2144996435,253.4083863599,0
0.2144996435,253.4083863599,0
0.2245543142,269.3359438734,0
0.2245543142,269.3359438734,0
0.2286189684,279.200522108,0
0.2286189684,279.200522108,0
0.210007131,257.9572524066,0
0.210007131,257.9572524066,0
0.2217732351,267.0615108501,0
0.2217732351,267.0615108501,0
0.2257665795,272.3706966879,0
0.2257665795,272.3706966879,0
0.2185642976,273.131016479,0
0.2185642976,273.131016479,0
0.2136439268,266.3109805841,0
0.2136439268,266.3109805841,0
0.2345376753,265.5376080927,0
0.2345376753,265.5376080927,0
0.2257665795,266.3109805841,0
0.2257665795,266.3109805841,0
0.2292607559,263.2631750693,0
0.2292607559,263.2631750693,0
0.2239125267,266.3109805841,0
0.2239125267,266.3109805841,0
0.2338958878,276.9162995595,0
0.2338958878,276.9162995595,0
0.2249821726,269.3359438734,0
0.2249821726,269.3359438734,0
0.2260518184,257.2034589656,0
0.2260518184,257.2034589656,0
0.2266936059,270.8565834557,0
0.2266936059,270.8565834557,0
0.231542667,270.8467939305,0
0.231542667,270.8467939305,0
0.2287615878,267.0615108501,0
0.2287615878,267.0615108501,0
0.2166389351,261.0017947463,0
0.2166389351,261.0017947463,0
0.2275493226,263.2762277696,0
0.2275493226,263.2762277696,0
0.230259092,259.4681024637,0
0.230259092,259.4681024637,0
0.2241264559,267.0615108501,0
0.2241264559,267.0615108501,0
0.2226289517,269.3359438734,0
0.2226289517,269.3359438734,0
0.2306869503,266.3109805841,0
0.2306869503,266.3109805841,0
0.2194200143,257.2034589656,0
0.2194200143,257.2034589656,0
0.2185642976,260.2382117801,0
0.2185642976,260.2382117801,0
0.2241264559,268.5723609072,0
0.2241264559,268.5723609072,0
0.2330401711,251.1339533366,0
0.2330401711,251.1339533366,0
0.2224150226,257.1936694404,0
0.2224150226,257.1936694404,0
0.2260518184,264.7870778267,0
0.2260518184,264.7870778267,0
0.2239125267,266.3109805841,0
0.2239125267,266.3109805841,0
0.2241264559,257.9670419318,0
0.2241264559,257.9670419318,0
0.2243403851,265.5376080927,0
0.2243403851,265.5376080927,0
0.2241264559,264.0267580356,0
0.2241264559,264.0267580356,0
0.2360351795,270.0962636645,0
0.2360351795,270.0962636645,0
0.2249821726,270.0962636645,0
0.2249821726,270.0962636645,0
0.2239125267,264.0267580356,0
0.2239125267,264.0267580356,0
0.2330401711,271.6005873715,0
0.2330401711,271.6005873715,0
0.2362491086,264.0267580356,0
0.2362491086,264.0267580356,0
0.227691942,256.4431391744,0
0.227691942,256.4431391744,0
0.2343237461,264.7870778267,0
0.2343237461,264.7870778267,0
0.2364630378,261.7523250122,0
0.2364630378,261.7523250122,0
0.2326123128,252.657856094,0
0.2326123128,252.657856094,0
0.2257665795,260.2382117801,0
0.2257665795,260.2382117801,0
0.2347516045,254.1687061511,0
0.2347516045,254.1687061511,0
0.2467316377,260.9920052211,0
0.2467316377,260.9920052211,0
0.2394580461,252.6480665688,0
0.2394580461,252.6480665688,0
0.2386023295,260.2284222549,0
0.2386023295,260.2284222549,0
0.2437366294,253.4083863599,0
0.2437366294,253.4083863599,0
0.2507249822,260.2382117801,0
0.2507249822,260.2382117801,0
0.2422391253,251.8942731278,0
0.2422391253,251.8942731278,0
0.2368908961,246.5850872899,0
0.2368908961,246.5850872899,0
0.2392441169,252.6480665688,0
0.2392441169,252.6480665688,0
0.2351794628,258.7175721977,0
0.2351794628,258.7175721977,0
0.2323983836,251.1339533366,0
0.2323983836,251.1339533366,0
0.2450202044,267.8218306412,0
0.2450202044,267.8218306412,0
0.2524364155,273.131016479,0
0.2524364155,273.131016479,0
0.237960542,256.4431391744,0
0.237960542,256.4431391744,0
0.2388162586,250.3834230706,0
0.2388162586,250.3834230706,0
0.2490848586,257.9670419318,0
0.2490848586,257.9670419318,0
0.2443784169,249.6231032795,0
0.2443784169,249.6231032795,0
0.2409555503,251.1339533366,0
0.2409555503,251.1339533366,0
0.2437366294,260.2284222549,0
0.2437366294,260.2284222549,0
0.2537199905,267.0615108501,0
0.2537199905,267.0615108501,0
0.2565010696,264.0267580356,0
0.2565010696,264.0267580356,0
0.2420251961,243.5438081253,0
0.2420251961,243.5438081253,0
0.258212503,260.2382117801,0
0.258212503,260.2382117801,0
0.2552174947,266.3109805841,0
0.2552174947,266.3109805841,0
0.2407416211,249.6231032795,0
0.2407416211,249.6231032795,0
0.2403137628,257.2034589656,0
0.2403137628,257.2034589656,0
0.2513667697,259.4778919889,0
0.2513667697,259.4778919889,0
0.2501545044,265.5473976179,0
0.2501545044,265.5473976179,0
0.2437366294,257.9572524066,0
0.2437366294,257.9572524066,0
0.2554314238,251.907325828,0
0.2554314238,251.907325828,0
0.2516520086,257.9572524066,0
0.2516520086,257.9572524066,0
0.2471594961,255.6926089085,0
0.2471594961,255.6926089085,0
0.2381744711,248.0992005221,0
0.2381744711,248.0992005221,0
0.2586403613,265.5376080927,0
0.2586403613,265.5376080927,0
0.260779653,257.9670419318,0
0.260779653,257.9670419318,0
0.2529355836,249.6133137543,0
0.2529355836,249.6133137543,0
0.2445923461,261.7523250122,0
0.2445923461,261.7523250122,0
0.2539339197,241.2791646272,0
0.2539339197,241.2791646272,0
0.2529355836,255.6828193833,0
0.2529355836,255.6828193833,0
0.2413834086,253.4181758851,0
0.2413834086,253.4181758851,0
0.2571428571,247.3486702562,0
0.2571428571,247.3486702562,0
0.2571428571,254.1687061511,0
0.2571428571,254.1687061511,0
0.2537199905,245.8247674988,0
0.2537199905,245.8247674988,0
0.2529355836,253.4083863599,0
0.2529355836,253.4083863599,0
0.2618492988,246.5785609398,0
0.2618492988,246.5785609398,0
0.2637746613,262.5126448034,0
0.2637746613,262.5126448034,0
0.2605657238,254.1687061511,0
0.2605657238,254.1687061511,0
0.2513667697,262.5028552782,0
0.2513667697,262.5028552782,0
0.2674114571,255.6828193833,0
0.2674114571,255.6828193833,0
0.2663418113,261.7523250122,0
0.2663418113,261.7523250122,0
0.2665557404,254.1784956763,0
0.2665557404,254.1784956763,0
0.2545757072,261.7523250122,0
0.2545757072,261.7523250122,0
0.2624910863,254.1687061511,0
0.2624910863,254.1687061511,0
0.2671975279,251.1339533366,0
0.2671975279,251.1339533366,0
0.254361778,258.7077826725,0
0.254361778,258.7077826725,0
0.2646303779,238.2542013379,0
0.2646303779,238.2542013379,0
0.2586403613,266.3109805841,0
0.2586403613,266.3109805841,0
0.2592821488,248.8595203133,0
0.2592821488,248.8595203133,0
0.2618492988,243.5438081253,0
0.2618492988,243.5438081253,0
0.2786783932,250.3834230706,0
0.3117661041,234.4069179311,1
0.2991442833,236.6911404797,1
0.2991442833,236.6911404797,1
0.3113382458,245.0644477076,1
0.3113382458,245.0644477076,1
0.3111243166,252.6676456192,1
0.3111243166,252.6676456192,1
0.3130496791,244.3041279165,1
0.3130496791,244.3041279165,1
0.3004278583,242.0296948931,1
0.3004278583,242.0296948931,1
0.3113382458,251.153532387,1
0.3113382458,251.153532387,1
0.3200380319,242.7900146843,1
0.3200380319,242.7900146843,1
0.3173282624,234.4167074564,1
0.3173282624,234.4167074564,1
0.3104825291,237.4612497961,1
0.3104825291,237.4612497961,1
0.3198954124,235.1770272475,1
0.3198954124,235.1770272475,1
0.3124078916,236.7009300049,1
0.3124078916,236.7009300049,1
0.3164725458,243.5503344754,1
0.3164725458,243.5503344754,1
0.3126218208,237.4514602708,1
0.3126218208,237.4514602708,1
0.3151889708,244.3041279165,1
0.3151889708,244.3041279165,1
0.3132636083,236.7009300049,1
0.3132636083,236.7009300049,1
0.3161873069,244.3041279165,1
0.3161873069,244.3041279165,1
0.3134775374,237.4612497961,1
0.3134775374,237.4612497961,1
0.3192536249,248.8693098385,1
0.3192536249,248.8693098385,1
0.3158307583,249.6231032795,1
0.3158307583,249.6231032795,1
0.3068457333,248.8595203133,1
0.3068457333,248.8595203133,1
0.3232469693,250.3834230706,1
0.3232469693,250.3834230706,1
0.3155455194,240.4960026105,1
0.3155455194,240.4960026105,1
0.308985025,238.9851525534,1
0.308985025,238.9851525534,1
0.3205371999,242.0296948931,1
0.3205371999,242.0296948931,1
0.3322319943,239.7454723446,1
0.3322319943,239.7454723446,1
0.3223912527,245.8247674988,1
0.3223912527,245.8247674988,1
0.321535536,238.9851525534,1
0.321535536,238.9851525534,1
0.3303066318,242.0199053679,1
0.3303066318,242.0199053679,1
0.3245305443,248.8595203133,1
0.3245305443,248.8595203133,1
0.3249584027,240.4960026105,1
0.3249584027,240.4960026105,1
0.3198954124,234.4264969816,1
0.3198954124,234.4264969816,1
0.3285951985,242.0296948931,1
0.3285951985,242.0296948931,1
0.3208937485,233.6563876652,1
0.3208937485,233.6563876652,1
0.3270976943,241.269375102,1
0.3270976943,241.269375102,1
0.3264559068,234.4167074564,1
0.3264559068,234.4167074564,1
0.3234608985,231.3721651167,1
0.3234608985,231.3721651167,1
0.3275255527,232.896067874,1
0.3275255527,232.896067874,1
0.3128357499,231.3721651167,1
0.3128357499,231.3721651167,1
0.3300927026,238.9851525534,1
0.3300927026,238.9851525534,1
0.3211789874,240.5090553108,1
0.3919182315,219.2527329091,2
0.395127169,240.5351607114,2
0.395127169,240.5351607114,2
0.3908485857,234.4558655572,2
0.3908485857,234.4558655572,2
0.3942714523,225.3320280633,2
0.3942714523,225.3320280633,2
0.3936296648,233.7053352912,2
0.3936296648,233.7053352912,2
0.3850724982,226.0923478545,2
0.3850724982,226.0923478545,2
0.402828619,234.4558655572,2
0.402828619,234.4558655572,2
0.3932018065,225.3418175885,2
0.3932018065,225.3418175885,2
0.3957689565,233.7053352912,2
0.3957689565,233.7053352912,2
0.395127169,232.1814325339,2
0.395127169,232.1814325339,2
0.4128832898,223.8211780062,2
0.4128832898,223.8211780062,2
0.3961968148,225.3418175885,2
0.3961968148,225.3418175885,2
0.3970525315,223.05759504,2
0.3970525315,223.05759504,2
0.398977894,231.4211127427,2
0.398977894,231.4211127427,2
0.4073211314,231.4211127427,2
0.4073211314,231.4211127427,2
0.3897789399,222.2874857236,2
0.3897789399,222.2874857236,2
0.4009032565,220.7733724914,2
0.4009032565,220.7733724914,2
0.4017589731,228.3863599282,2
0.4017589731,228.3863599282,2
0.4115997148,219.2625224343,2
0.4115997148,219.2625224343,2
0.3910625149,226.1021373797,2
0.3910625149,226.1021373797,2
0.4009032565,220.0228422255,2
0.4009032565,220.0228422255,2
0.4017589731,223.0478055148,2
0.4017589731,223.0478055148,2
0.4019729023,219.2527329091,2
0.4019729023,219.2527329091,2
0.3949132398,226.8559308207,2
0.3949132398,226.8559308207,2
0.4079629189,230.6607929515,2
0.4079629189,230.6607929515,2
0.4117423342,227.6162506118,2
0.4117423342,227.6162506118,2
0.4090325648,228.3863599282,2
0.4090325648,228.3863599282,2
0.3972664607,235.9797683146,2
0.3972664607,235.9797683146,2
0.4034704065,227.6162506118,2
0.4034704065,227.6162506118,2
0.4064654148,220.0130527003,2
0.4064654148,220.0130527003,2
0.3942714523,230.6510034263,2
0.3942714523,230.6510034263,2
0.4024007606,232.9352259749,2
0.4024007606,232.9352259749,2
0.4024007606,230.6510034263,2
0.4024007606,230.6510034263,2
0.4060375565,230.6607929515,2
0.4060375565,230.6607929515,2
0.392560019,223.0478055148,2
0.392560019,223.0478055148,2
0.4062514856,235.9797683146,2
0.4062514856,235.9797683146,2
0.405395769,226.8559308207,2
0.405395769,226.8559308207,2
0.4090325648,218.4891499429,2
0.4090325648,218.4891499429,2
0.3991918232,226.0923478545,2
0.3991918232,226.0923478545,2
0.4168766342,227.6260401371,2
0.5595673877,207.1104584761,3
0.5709056335,213.1734377549,3
0.5709056335,213.1734377549,3
0.577680057,213.9337575461,3
0.577680057,213.9337575461,3
0.5699786071,198.7567302986,3
0.5699786071,198.7567302986,3
0.5608509627,206.3501386849,3
0.5608509627,206.3501386849,3
0.5608509627,207.8642519171,3
0.5608509627,207.8642519171,3
0.5668409793,204.8294991026,3
0.5668409793,204.8294991026,3
0.5619206085,210.8990047316,3
0.5619206085,210.8990047316,3
0.5578559544,213.1636482297,3
0.5578559544,213.1636482297,3
0.5699786071,207.1006689509,3
0.5699786071,207.1006689509,3
0.567696696,204.8294991026,3
0.567696696,204.8294991026,3
0.5614927502,210.8990047316,3
0.5614927502,210.8990047316,3
0.5772521987,212.4196443139,3
0.5772521987,212.4196443139,3
0.5719039696,198.7665198238,3
0.5719039696,198.7665198238,3
0.5567863085,204.8392886278,3
0.5567863085,204.8392886278,3
0.5746850487,219.9934736499,3
0.5746850487,219.9934736499,3
0.5763964821,204.0757056616,3
0.5763964821,204.0757056616,3
0.5518659377,198.776309349,3
0.5518659377,198.776309349,3
0.565129546,212.4196443139,3
0.565129546,212.4196443139,3
0.5686950321,206.3501386849,3
0.5686950321,206.3501386849,3
0.5680532446,215.434818078,3
0.5680532446,215.434818078,3
0.563845971,210.8990047316,3
0.563845971,210.8990047316,3
0.5748989779,211.6495349976,3
0.5748989779,211.6495349976,3
0.566413121,197.2556697667,3
0.566413121,197.2556697667,3
0.5634181127,204.8294991026,3
0.5634181127,204.8294991026,3
0.5753268362,206.3501386849,3
0.5753268362,206.3501386849,3
0.5719039696,210.1386849404,3
0.5719039696,210.1386849404,3
0.5712621821,209.3848914994,3
0.5712621821,209.3848914994,3
0.5772521987,211.6593245228,3
0.5772521987,211.6593245228,3
0.5606370335,204.8392886278,3
0.5606370335,204.8392886278,3
0.5580698835,202.5648556045,3
0.5580698835,202.5648556045,3
0.5683384835,208.6245717083,3
0.5683384835,208.6245717083,3
0.5719039696,209.3751019742,3
0.5719039696,209.3751019742,3
0.567696696,203.3153858705,3
0.567696696,203.3153858705,3
0.5576420252,214.6940773372,3
0.5576420252,214.6940773372,3
0.5806750654,216.2081905694,3
0.5806750654,216.2081905694,3
0.5736154029,207.8642519171,3
0.7551699548,190.4421602219,4
0.7442595674,186.6470876163,4
0.7442595674,186.6470876163,4
0.748966009,193.4671235112,4
0.748966009,193.4671235112,4
0.7628000951,194.2307064774,4
0.7628000951,194.2307064774,4
0.7474685049,190.4421602219,4
0.7474685049,190.4421602219,4
0.7504635132,198.776309349,4
0.7504635132,198.776309349,4
0.7559543618,200.280633056,4
0.7559543618,200.280633056,4
0.7504635132,194.2209169522,4
0.7504635132,194.2209169522,4
0.7504635132,192.7165932452,4
0.7504635132,192.7165932452,4
0.7527454243,194.2307064774,4
0.7527454243,194.2307064774,4
0.7538863798,191.1926904878,4
0.7538863798,191.1926904878,4
0.7427620632,185.8965573503,4
0.7427620632,185.8965573503,4
0.7655811742,198.776309349,4
0.7655811742,198.776309349,4
0.7551699548,195.7415565345,4
0.7551699548,195.7415565345,4
0.7496077965,191.9464839289,4
0.7496077965,191.9464839289,4
0.7636558117,197.2556697667,4
0.7636558117,197.2556697667,4
0.7587354409,197.2556697667,4
0.7587354409,197.2556697667,4
0.7478963632,185.1329743841,4
0.7478963632,185.1329743841,4
0.7527454243,198.0159895578,4
0.7527454243,198.0159895578,4
0.7553125743,191.9758525045,4
0.7553125743,191.9758525045,4
0.7436177799,201.0507423723,4
0.7436177799,201.0507423723,4
0.7589493701,195.7317670093,4
0.7589493701,195.7317670093,4
0.7645115284,187.4171969326,4
0.7645115284,187.4171969326,4
0.7542429285,203.3153858705,4
0.7542429285,203.3153858705,4
0.7578797243,201.8012726383,4
0.7578797243,201.8012726383,4
0.7576657951,202.5648556045,4
0.7576657951,202.5648556045,4
0.7538863798,188.1709903736,4
0.7538863798,188.1709903736,4
0.746398859,191.9562734541,4
0.746398859,191.9562734541,4
0.7630140242,195.7317670093,4
0.7630140242,195.7317670093,4
0.7600190159,192.7165932452,4
0.7600190159,192.7165932452,4
0.7395531257,199.5203132648,4
0.7395531257,199.5203132648,4
0.7555265034,201.0409528471,4
0.7555265034,201.0409528471,4
0.7645115284,186.6568771415,4
0.7645115284,186.6568771415,4
0.7589493701,191.1926904878,4
0.7589493701,191.1926904878,4
0.7529593535,194.2307064774,4
0.7529593535,194.2307064774,4
0.7598050868,192.7165932452,4
0.7598050868,192.7165932452,4
0.7610886618,185.8965573503,4
0.8084383171,188.0339370207,5
0.7009745662,192.8340675477,5
0.7546707868,192.8340675477,5
0.7546707868,188.0339370207,5
0.7009745662,188.0339370207,5
0.8084383171,192.8340675477,5
0.7956738769,184.1670745636,5
0.6907059662,189.0879425681,5
0.7444734966,189.0879425681,5
0.7444734966,184.1670745636,5
0.6907059662,184.1670745636,5
0.7956738769,189.0879425681,5
0.8007368671,191.0784793604,5
0.6958402662,195.8786098874,5
0.7496077965,195.8786098874,5
0.7496077965,191.0784793604,5
0.6958402662,191.0784793604,5
0.8007368671,195.8786098874,5
0.8161397671,191.7800620003,5
0.7112431662,196.6976668298,5
0.7623722367,196.6976668298,5
0.7623722367,191.7800620003,5
0.7112431662,191.7800620003,5
0.8161397671,196.6976668298,5
0.7981697171,188.0339370207,5
0.6932731162,192.8340675477,5
0.7470406465,192.8340675477,5
0.7470406465,188.0339370207,5
0.6932731162,188.0339370207,5
0.7981697171,192.8340675477,5
0.8033040171,196.3485070974,5
0.6958402662,201.2661119269,5
0.7496077965,201.2661119269,5
0.7496077965,196.3485070974,5
0.6958402662,196.3485070974,5
0.8033040171,201.2661119269,5
0.8084383171,197.8691466797,5
0.7035417162,202.7900146843,5
0.7546707868,202.7900146843,5
0.7546707868,197.8691466797,5
0.7035417162,197.8691466797,5
0.8084383171,202.7900146843,5
0.8033040171,191.7800620003,5
0.6984074162,196.6976668298,5
0.7496077965,196.6976668298,5
0.7496077965,191.7800620003,5
0.6984074162,191.7800620003,5
0.8033040171,196.6976668298,5
0.8033040171,190.2561592429,5
0.6958402662,195.1770272475,5
0.7496077965,195.1770272475,5
0.7496077965,190.2561592429,5
0.6958402662,190.2561592429,5
0.8033040171,195.1770272475,5
0.8058711671,191.7800620003,5
0.6984074162,196.6976668298,5
0.7521036368,196.6976668298,5
0.7521036368,191.7800620003,5
0.6984074162,191.7800620003,5
0.8058711671,196.6976668298,5
0.8058711671,188.7355196606,5
0.7009745662,193.6531244901,5
0.7546707868,193.6531244901,5
0.7546707868,188.7355196606,5
0.7009745662,188.7355196606,5
0.8058711671,193.6531244901,5
0.7956738769,183.4654919236,5
0.6881388163,188.2656224506,5
0.7419063466,188.2656224506,5
0.7419063466,183.4654919236,5
0.6881388163,183.4654919236,5
0.7956738769,188.2656224506,5
0.818706917,196.3485070974,5
0.7137390064,201.2661119269,5
0.7649393867,201.2661119269,5
0.7649393867,196.3485070974,5
0.7137390064,196.3485070974,5
0.818706917,201.2661119269,5
0.8084383171,193.3039647577,5
0.7009745662,198.2215695872,5
0.7546707868,198.2215695872,5
0.7546707868,193.3039647577,5
0.7009745662,193.3039647577,5
0.8084383171,198.2215695872,5
0.8007368671,189.4371023005,5
0.6958402662,194.3579703051,5
0.7496077965,194.3579703051,5
0.7496077965,189.4371023005,5
0.6958402662,189.4371023005,5
0.8007368671,194.3579703051,5
0.8161397671,194.82460434,5
0.7112431662,199.7422091695,5
0.7649393867,199.7422091695,5
0.7649393867,194.82460434,5
0.7112431662,194.82460434,5
0.8161397671,199.7422091695,5
0.8110054671,194.82460434,5
0.7061088662,199.7422091695,5
0.7598050868,199.7422091695,5
0.7598050868,194.82460434,5
0.7061088662,194.82460434,5
0.8110054671,199.7422091695,5
0.8007368671,182.6464349812,5
0.6932731162,187.5640398107,5
0.7470406465,187.5640398107,5
0.7470406465,182.6464349812,5
0.6932731162,182.6464349812,5
0.8007368671,187.5640398107,5
0.8058711671,195.6436612824,5
0.6984074162,200.4470549845,5
0.7521036368,200.4470549845,5
0.7521036368,195.6436612824,5
0.6984074162,195.6436612824,5
0.8058711671,200.4470549845,5
0.8084383171,189.554576603,5
0.7035417162,194.4754446076,5
0.7546707868,194.4754446076,5
0.7546707868,189.554576603,5
0.7035417162,189.554576603,5
0.8084383171,194.4754446076,5
0.7956738769,198.6882036221,5
0.6907059662,203.6090716267,5
0.7419063466,203.6090716267,5
0.7419063466,198.6882036221,5
0.6907059662,198.6882036221,5
0.7956738769,203.6090716267,5
0.8110054671,193.3039647577,5
0.7061088662,198.2215695872,5
0.7598050868,198.2215695872,5
0.7598050868,193.3039647577,5
0.7061088662,193.3039647577,5
0.8110054671,198.2215695872,5
0.818706917,184.989394681,5
0.7112431662,189.789525208,5
0.7649393867,189.789525208,5
0.7649393867,184.989394681,5
0.7112431662,184.989394681,5
0.818706917,189.789525208,5
0.8058711671,200.9136890194,5
0.7009745662,205.8312938489,5
0.7546707868,205.8312938489,5
0.7546707868,200.9136890194,5
0.7009745662,200.9136890194,5
0.8058711671,205.8312938489,5
0.8110054671,199.3930494371,5
0.7061088662,204.3106542666,5
0.7572379368,204.3106542666,5
0.7572379368,199.3930494371,5
0.7061088662,199.3930494371,5
0.8110054671,204.3106542666,5
0.8110054671,200.2121063795,5
0.7035417162,205.129711209,5
0.7572379368,205.129711209,5
0.7572379368,200.2121063795,5
0.7035417162,200.2121063795,5
0.8110054671,205.129711209,5
0.8058711671,185.6909773209,5
0.7009745662,190.6085821504,5
0.7546707868,190.6085821504,5
0.7546707868,185.6909773209,5
0.7009745662,185.6909773209,5
0.8058711671,190.6085821504,5
0.7981697171,189.554576603,5
0.6932731162,194.3579703051,5
0.7444734966,194.3579703051,5
0.7444734966,189.554576603,5
0.6932731162,189.554576603,5
0.7981697171,194.3579703051,5
0.8161397671,193.3039647577,5
0.7112431662,198.2215695872,5
0.7623722367,198.2215695872,5
0.7623722367,193.3039647577,5
0.7112431662,193.3039647577,5
0.8161397671,198.2215695872,5
0.8135726171,190.2561592429,5
0.7061088662,195.1770272475,5
0.7598050868,195.1770272475,5
0.7598050868,190.2561592429,5
0.7061088662,190.2561592429,5
0.8135726171,195.1770272475,5
0.7905395769,197.1675640398,5
0.685642976,201.9676945668,5
0.7393391966,201.9676945668,5
0.7393391966,197.1675640398,5
0.685642976,197.1675640398,5
0.7905395769,201.9676945668,5
0.8084383171,198.6882036221,5
0.7035417162,203.4915973242,5
0.7546707868,203.4915973242,5
0.7546707868,198.6882036221,5
0.7035417162,198.6882036221,5
0.8084383171,203.4915973242,5
0.818706917,184.1670745636,5
0.7112431662,189.0879425681,5
0.7649393867,189.0879425681,5
0.7649393867,184.1670745636,5
0.7112431662,184.1670745636,5
0.818706917,189.0879425681,5
0.8110054671,188.7355196606,5
0.7061088662,193.6531244901,5
0.7598050868,193.6531244901,5
0.7598050868,188.7355196606,5
0.7061088662,188.7355196606,5
0.8110054671,193.6531244901,5
0.8058711671,191.7800620003,5
0.7009745662,196.6976668298,5
0.7521036368,196.6976668298,5
0.7521036368,191.7800620003,5
0.7009745662,191.7800620003,5
0.8058711671,196.6976668298,5
0.8135726171,190.2561592429,5
0.7061088662,195.1770272475,5
0.7598050868,195.1770272475,5
0.7598050868,190.2561592429,5
0.7061088662,190.2561592429,5
0.8135726171,195.1770272475,5
0.8135726171,183.3480176211,5
0.7086760162,188.2656224506,5
0.7623722367,188.2656224506,5
0.7623722367,183.3480176211,5
0.7086760162,183.3480176211,5
0.8135726171,188.2656224506,5
0.9395768957,182.1112742699,6
0.9357261707,181.3574808288,6
0.9357261707,181.3574808288,6
0.9410743998,186.6470876163,6
0.9410743998,186.6470876163,6
0.9481340623,179.8433675967,6
0.9481340623,179.8433675967,6
0.9310910387,184.3824441181,6
0.9310910387,184.3824441181,6
0.9344425957,187.4074074074,6
0.9344425957,187.4074074074,6
0.9500594248,184.3726545929,6
0.9500594248,184.3726545929,6
0.9387924887,186.6470876163,6
0.9387924887,186.6470876163,6
0.9397908248,174.5570239843,6
0.9397908248,174.5570239843,6
0.9436415498,187.4074074074,6
0.9436415498,187.4074074074,6
0.9436415498,173.0429107522,6
0.9436415498,173.0429107522,6
0.9352983123,187.3976178822,6
0.9352983123,187.3976178822,6
0.9526265748,185.1329743841,6
0.9526265748,185.1329743841,6
0.9449251248,185.8867678251,6
0.9449251248,185.8867678251,6
0.9293796054,183.622124327,6
0.9293796054,183.622124327,6
0.9421440456,185.8965573503,6
0.9421440456,185.8965573503,6
0.9504872831,182.1112742699,6
0.9504872831,182.1112742699,6
0.9300213929,188.1579376734,6
0.9300213929,188.1579376734,6
0.9507012123,190.4127916463,6
0.9507012123,190.4127916463,6
0.9590444497,186.6470876163,6
0.9590444497,186.6470876163,6
0.9323746137,188.1579376734,6
0.9323746137,188.1579376734,6
0.9410743998,176.0678740414,6
0.9410743998,176.0678740414,6
0.9402186831,188.1579376734,6
0.9402186831,188.1579376734,6
0.9494176373,185.8867678251,6
0.9494176373,185.8867678251,6
0.9344425957,189.6622613803,6
0.9344425957,189.6622613803,6
0.9545519372,186.637298091,6
0.9545519372,186.637298091,6
0.9474922748,186.6568771415,6
0.9474922748,186.6568771415,6
0.9352983123,184.3726545929,6
0.9352983123,184.3726545929,6
0.9442833373,187.4074074074,6
0.9442833373,187.4074074074,6
0.9532683623,183.622124327,6
0.9532683623,183.622124327,6
0.9449251248,185.8965573503,6
0.9449251248,185.8965573503,6
0.9365818873,184.3726545929,6
0.9365818873,184.3726545929,6
0.9494176373,186.6470876163,6
0.9494176373,186.6470876163,6
0.9479201331,191.1861641377,6
0.9479201331,191.1861641377,6
0.9349417637,178.3325175396,6
0.9349417637,178.3325175396,6
0.9389351082,191.9366944037,6
0.9389351082,191.9366944037,6
0.9551937247,185.1329743841,6
0.9551937247,185.1329743841,6
0.9517708581,190.4225811715,6
1.4490848586,174.5276554087,7
1.4356786309,174.5276554087,7
1.4356786309,174.5276554087,7
1.454860946,168.4353075543,7
1.454860946,168.4353075543,7
1.4544330877,169.9689998368,7
1.4544330877,169.9689998368,7
1.4375326836,168.4450970795,7
1.4375326836,168.4450970795,7
1.4576420252,163.8897046827,7
1.4576420252,163.8897046827,7
1.4540052294,174.5341817589,7
1.4540052294,174.5341817589,7
1.4448062753,173.0135421765,7
1.4448062753,173.0135421765,7
1.4595673877,169.2086800457,7
1.4595673877,169.2086800457,7
1.4710482529,169.9689998368,7
1.4710482529,169.9689998368,7
1.4691228904,177.5689345733,7
1.4691228904,177.5689345733,7
1.4559305919,173.0037526513,7
1.4559305919,173.0037526513,7
1.4684811029,167.6749877631,7
1.4684811029,167.6749877631,7
1.4634181127,160.8353728178,7
1.4634181127,160.8353728178,7
1.4567863085,173.7640724425,7
1.4567863085,173.7640724425,7
1.4691228904,171.4798498939,7
1.4691228904,171.4798498939,7
1.4806750654,165.4005547398,7
1.4806750654,165.4005547398,7
1.4746850487,166.9244574971,7
1.4746850487,166.9244574971,7
1.4691228904,165.4005547398,7
1.4691228904,165.4005547398,7
1.480247207,169.1988905205,7
1.480247207,169.1988905205,7
1.4836700737,169.2086800457,7
1.4836700737,169.2086800457,7
1.4723318279,167.6847772883,7
1.4723318279,167.6847772883,7
1.4787497029,169.9592103116,7
1.4787497029,169.9592103116,7
1.4883052056,166.9146679719,7
1.4883052056,166.9146679719,7
1.4826004279,161.6054821341,7
1.4826004279,161.6054821341,7
1.4783218445,166.1608745309,7
1.4783218445,166.1608745309,7
1.4960066556,169.9689998368,7
1.4960066556,169.9689998368,7
1.4915141431,166.9244574971,7
1.4915141431,166.9244574971,7
1.4868077014,169.9689998368,7
1.4868077014,169.9689998368,7
1.4994295222,167.6749877631,7
1.4994295222,167.6749877631,7
1.5067031139,172.2532223854,7
1.5067031139,172.2532223854,7
1.4883052056,159.3114700604,7
1.4883052056,159.3114700604,7
1.506417875,165.4005547398,7
1.506417875,165.4005547398,7
1.5183979082,167.6847772883,7
1.5183979082,167.6847772883,7
1.508985025,168.4450970795,7
1.508985025,168.4450970795,7
1.5007130972,168.4450970795,7
1.5007130972,168.4450970795,7
1.5130496791,169.2086800457,7
1.5130496791,169.2086800457,7
1.5198954124,165.4005547398,7
1.4507962919,176.9065100343,8
1.4507962919,171.9889052048,8
1.3970287616,174.446076032,8
1.5045638222,174.446076032,8
1.437960542,176.9065100343,8
1.437960542,171.9889052048,8
1.3842643214,174.446076032,8
1.4917280723,174.446076032,8
1.4559305919,170.8174253549,8
1.4559305919,166.0172948279,8
1.4021630616,168.4744656551,8
1.5096268125,168.4744656551,8
1.4559305919,172.3413281123,8
1.4559305919,167.5379344102,8
1.4021630616,169.88089411,8
1.5096268125,169.88089411,8
1.4405276919,170.8174253549,8
1.4405276919,166.0172948279,8
1.3868314714,168.4744656551,8
1.4917280723,168.4744656551,8
1.4584264321,166.3664545603,8
1.4584264321,161.4488497308,8
1.4047302116,163.9092837331,8
1.5121939624,163.9092837331,8
1.4559305919,176.9065100343,8
1.4559305919,172.1063795073,8
1.4021630616,174.446076032,8
1.5096268125,174.446076032,8
1.4456619919,175.3858704519,8
1.4456619919,170.5824767499,8
1.3919657713,172.9254364497,8
1.4994295222,172.9254364497,8
1.4609935821,171.6397454723,8
1.4609935821,166.7188774678,8
1.4072973615,169.1793114701,8
1.5147611124,169.1793114701,8
1.4712621821,172.3413281123,8
1.4712621821,167.5379344102,8
1.4200618018,169.88089411,8
1.5250297124,169.88089411,8
1.4712621821,179.954315549,8
1.4712621821,175.0334475445,8
1.4174946518,177.4938815467,8
1.5224625624,177.4938815467,8
1.4584264321,175.3858704519,8
1.4584264321,170.5824767499,8
1.4047302116,172.9254364497,8
1.5096268125,172.9254364497,8
1.4686950321,170.115842715,8
1.4686950321,165.1982378855,8
1.4174946518,167.6554087127,8
1.5224625624,167.6554087127,8
1.4635607321,163.3219122206,8
1.4635607321,158.4043073911,8
1.4124316615,160.8647413934,8
1.5173282624,160.8647413934,8
1.4584264321,176.2049273944,8
1.4584264321,171.2873225649,8
1.4047302116,173.7444933921,8
1.5121939624,173.7444933921,8
1.4712621821,173.8619676946,8
1.4712621821,169.0618371676,8
1.4174946518,171.4047968674,8
1.5224625624,171.4047968674,8
1.4814594723,167.7728830152,8
1.4814594723,162.9727524882,8
1.4277632517,165.4299233154,8
1.5352270026,165.4299233154,8
1.4763964821,169.2967857726,8
1.4763964821,164.4933920705,8
1.4226289517,166.9538260728,8
1.5301640124,166.9538260728,8
1.4712621821,167.7728830152,8
1.4712621821,162.9727524882,8
1.4174946518,165.4299233154,8
1.5224625624,165.4299233154,8
1.4814594723,171.6397454723,8
1.4814594723,166.7188774678,8
1.4277632517,169.1793114701,8
1.5352270026,169.1793114701,8
1.4840266223,171.6397454723,8
1.4840266223,166.7188774678,8
1.4303304017,169.1793114701,8
1.5377941526,169.1793114701,8
1.4738293321,170.115842715,8
1.4738293321,165.1982378855,8
1.4200618018,167.6554087127,8
1.5275968624,167.6554087127,8
1.478963632,172.3413281123,8
1.478963632,167.5379344102,8
1.4277632517,169.88089411,8
1.5326598526,169.88089411,8
1.4891609223,169.2967857726,8
1.4891609223,164.4933920705,8
1.4354647017,166.9538260728,8
1.5429284526,166.9538260728,8
1.4840266223,164.0267580356,8
1.4840266223,159.105890031,8
1.4303304017,161.5663240333,8
1.5377941526,161.5663240333,8
1.478963632,168.5919399576,8
1.478963632,163.6743351281,8
1.4251961017,166.1315059553,8
1.5326598526,166.1315059553,8
1.4968623722,172.3413281123,8
1.4968623722,167.5379344102,8
1.4430948419,169.9983684125,8
1.5506299025,169.9983684125,8
1.4917280723,169.2967857726,8
1.4917280723,164.4933920705,8
1.437960542,166.9538260728,8
1.5454956026,166.9538260728,8
1.4865937723,172.3413281123,8
1.4865937723,167.5379344102,8
1.4354647017,169.88089411,8
1.5403613026,169.88089411,8
1.4994295222,170.115842715,8
1.4994295222,165.1982378855,8
1.4482291419,167.6554087127,8
1.5531970525,167.6554087127,8
1.5070596625,174.681024637,8
1.5070596625,169.7634198075,8
1.4533634419,172.2238538098,8
1.5608271928,172.2238538098,8
1.4891609223,161.8012726383,8
1.4891609223,156.8836678088,8
1.4354647017,159.340838636,8
1.5429284526,159.340838636,8
1.5070596625,167.7728830152,8
1.5070596625,162.9727524882,8
1.4533634419,165.4299233154,8
1.5608271928,165.4299233154,8
1.5198954124,170.115842715,8
1.5198954124,165.1982378855,8
1.4661278821,167.6554087127,8
1.5710957927,167.6554087127,8
1.5096268125,170.8174253549,8
1.5096268125,166.0172948279,8
1.4559305919,168.4744656551,8
1.5633943428,168.4744656551,8
1.5019966722,170.8174253549,8
1.5019966722,166.0172948279,8
1.4482291419,168.4744656551,8
1.5556928928,168.4744656551,8
1.5147611124,171.6397454723,8
1.5147611124,166.7188774678,8
1.4609935821,169.1793114701,8
1.5659614928,169.1793114701,8
1.5198954124,167.7728830152,8
1.5198954124,162.9727524882,8
1.4661278821,165.4299233154,8
1.5736629427,165.4299233154,8
1.6346327549,166.9244574971,9
1.6344188258,169.2086800457,9
1.6344188258,169.2086800457,9
1.6619443784,166.1902431065,9
1.6619443784,166.1902431065,9
1.6568100784,169.978789362,9
1.6568100784,169.978789362,9
1.6499643451,173.0233317017,9
1.6499643451,173.0233317017,9
1.6828381269,163.1195953663,9
1.6828381269,163.1195953663,9
1.6845495603,166.1608745309,9
1.6845495603,166.1608745309,9
1.677703827,168.4450970795,9
1.677703827,168.4450970795,9
1.6943189922,166.9440365476,9
1.6943189922,166.9440365476,9
1.6960304255,166.9146679719,9
1.6960304255,166.9146679719,9
1.6843356311,165.4005547398,9
1.6843356311,165.4005547398,9
1.7149988115,162.3560124001,9
1.7149988115,162.3560124001,9
1.7132873782,173.0233317017,9
1.7132873782,173.0233317017,9
1.7084383171,170.729319628,9
1.7084383171,170.729319628,9
1.7254813406,173.0233317017,9
1.7254813406,173.0233317017,9
1.7284763489,166.1608745309,9
1.7284763489,166.1608745309,9
1.7254813406,169.978789362,9
1.7254813406,169.978789362,9
1.7314713573,166.1608745309,9
1.7314713573,166.1608745309,9
1.7698359876,164.6402349486,9
1.7698359876,164.6402349486,9
1.7781792251,159.3016805352,9
1.7781792251,159.3016805352,9
1.7777513668,170.7391091532,9
1.7777513668,170.7391091532,9
1.8188970763,168.4581497797,9
1.8188970763,168.4581497797,9
1.8225338721,168.4450970795,9
1.8225338721,168.4450970795,9
1.8191110055,164.6304454234,9
1.8191110055,164.6304454234,9
1.8521987164,163.106542666,9
1.8521987164,163.106542666,9
1.8738768719,173.7738619677,9
1.8738768719,173.7738619677,9
1.8901354885,169.9689998368,9
1.8901354885,169.9689998368,9
1.8824340385,165.3907652146,9
1.8824340385,165.3907652146,9
1.9220822439,167.6749877631,9
1.9220822439,167.6749877631,9
1.9387687188,169.9689998368,9
1.9387687188,169.9689998368,9
1.9334204897,165.4005547398,9
1.9334204897,165.4005547398,9
1.9675065367,171.4994289444,9
1.9675065367,171.4994289444,9
2.0133586879,169.978789362,9
2.0133586879,169.978789362,9
2.0568576183,173.0233317017,9
2.0568576183,173.0233317017,9
2.0794628001,168.4450970795,9
2.0794628001,168.4450970795,9
2.0718326599,170.7391091532,9
2.0718326599,170.7391091532,9
2.1155455194,166.9146679719,9
2.1155455194,166.9146679719,9
2.1413596387,176.0678740414,9
2.1413596387,176.0678740414,9
2.1852864274,168.4450970795,9
2.1954837176,161.6348507097,10
2.2153078203,171.4994289444,10
2.2153078203,171.4994289444,10
2.2603042548,172.2630119106,10
2.2603042548,172.2630119106,10
2.303589256,169.978789362,10
2.303589256,169.978789362,10
2.3560732113,166.1902431065,10
2.3560732113,166.1902431065,10
2.4051343,168.4581497797,10
2.4051343,168.4581497797,10
2.4360827193,177.5689345733,10
2.4360827193,177.5689345733,10
2.4972664607,171.4994289444,10
2.4972664607,171.4994289444,10
2.5411932493,173.0233317017,10
2.5411932493,173.0233317017,10
2.5831946755,170.7391091532,10
2.5831946755,170.7391091532,10
2.6348229142,172.2630119106,10
2.6348229142,172.2630119106,10
2.6819586404,169.2184695709,10
2.6819586404,169.2184695709,10
2.7231043499,170.7391091532,10
2.7231043499,170.7391091532,10
2.7678868552,169.2184695709,10
2.7678868552,169.2184695709,10
2.8128832898,173.7738619677,10
2.8128832898,173.7738619677,10
2.8580936534,174.5276554087,10
2.8580936534,174.5276554087,10
2.9065129546,172.2532223854,10
2.9065129546,172.2532223854,10
2.9724031376,158.59030837,10
2.9724031376,158.59030837,10
3.0101972902,168.4646761299,10
3.0101972902,168.4646761299,10
3.0658188733,157.8397781041,10
3.0658188733,157.8397781041,10
3.1023294509,167.7141458639,10
3.1023294509,167.7141458639,10
3.1460423104,164.6696035242,10
3.1460423104,164.6696035242,10
3.1995246019,160.1109479524,10
3.1995246019,160.1109479524,10
3.2458046114,161.6348507097,10
3.2458046114,161.6348507097,10
3.2821012598,165.4299233154,10
3.2821012598,165.4299233154,10
3.3332303304,162.3853809757,10
3.3332303304,162.3853809757,10
3.3835749941,164.6696035242,10
3.3835749941,164.6696035242,10
3.4392678869,156.3158753467,10
3.4392678869,156.3158753467,10
3.4718564298,164.659813999,10
3.4718564298,164.659813999,10
3.5166389351,161.6348507097,10
3.5166389351,161.6348507097,10
3.5753268362,154.0414423234,10
3.5753268362,154.0414423234,10
3.6218207749,160.8745309186,10
3.6218207749,160.8745309186,10
3.6614689803,158.59030837,10
3.6614689803,158.59030837,10
3.6973377704,161.6250611845,10
3.6973377704,161.6250611845,10
3.7412645591,163.1489639419,10
3.7412645591,163.1489639419,10
3.7945329213,154.8050252896,10
3.7945329213,154.8050252896,10
3.8508676016,154.8050252896,10
3.8508676016,154.8050252896,10
3.8868790112,158.59030837,10
3.8868790112,158.59030837,10
3.9359400998,159.3604176864,10
3.9359400998,159.3604176864,10
3.9785833135,160.1109479524,10
3.9785833135,160.1109479524,10
4.0214404564,155.5555555556,10
4.0214404564,155.5555555556,10
4.0779890658,151.7670093,10
4.0779890658,151.7670093,10
4.1204183504,156.3158753467,10
4.1204183504,156.3158753467,10
4.1699072974,147.9621471692,10
4.1699072974,147.9621471692,10
4.2048490611,157.0761951379,10
4.2048490611,157.0761951379,10
4.2509151414,154.0316527982,10
4.2509151414,154.0316527982,10
4.2929165676,150.2463697177,10
4.2929165676,150.2463697177,10
4.3294271452,159.3604176864,10
4.3294271452,159.3604176864,10
4.3966009033,142.6627508566,10
4.3966009033,142.6627508566,10
4.4330401711,153.2811225322,10
4.4330401711,153.2811225322,10
4.4722605182,151.0066895089,10
4.4722605182,151.0066895089,10
4.5209650582,146.4610866373,10
4.5209650582,146.4610866373,10
4.5612550511,155.5653450808,10
4.5612550511,155.5653450808,10
4.6222248633,145.6975036711,10
4.6222248633,145.6975036711,10
4.671285952,147.9817262196,10
4.671285952,147.9817262196,10
4.7145709532,144.1768640888,10
4.7145709532,144.1768640888,10
4.753577371,149.4827867515,10
4.753577371,149.4827867515,10
4.7920133111,150.2463697177,10
4.7920133111,150.2463697177,10
4.8427145234,147.2116169032,10
4.8427145234,147.2116169032,10
4.8917756121,148.7322564856,10
4.8917756121,148.7322564856,10
4.9391252674,147.9719366944,10
4.9391252674,147.9719366944,10
4.9888281436,141.9024310654,10
4.9888281436,141.9024310654,10
5.0280484906,152.5208027411,10
5.0280484906,152.5208027411,10
5.0835274542,141.1323217491,10
5.0835274542,141.1323217491,10
5.114618493,146.4610866373,10
5.114618493,146.4610866373,10
5.1619681483,147.9719366944,10
5.1619681483,147.9719366944,10
5.2242928453,135.8231359112,10
5.2242928453,135.8231359112,10
5.2543142382,147.9719366944,10
5.2543142382,147.9719366944,10
5.308723556,136.5932452276,10
5.308723556,136.5932452276,10
5.3515806988,141.9024310654,10
5.3515806988,141.9024310654,10
5.3955074875,143.4132811225,10
5.3955074875,143.4132811225,10
5.4387924887,141.1388480992,10
5.4387924887,141.1388480992,10
5.4865700024,143.4132811225,10
5.4865700024,143.4132811225,10
5.5377703827,140.378528308,10
5.5377703827,140.378528308,10
5.5917518422,126.7254038179,10
5.5917518422,126.7254038179,10
5.6273353934,139.6279980421,10
5.6273353934,139.6279980421,10
5.6757546946,136.5932452276,10
5.6757546946,136.5932452276,10
5.7183979082,139.6279980421,10
5.7183979082,139.6279980421,10
5.755906822,144.1768640888,10
5.755906822,144.1768640888,10
5.8081768481,141.9024310654,10
5.8081768481,141.9024310654,10
5.8640836701,143.4132811225,10
5.8640836701,143.4132811225,10
5.899239363,140.3883178333,10
5.899239363,140.3883178333,10
5.9580698835,135.0693424702,10
5.9580698835,135.0693424702,10
6.0096981222,136.5932452276,10
6.0096981222,136.5932452276,10
6.0275968624,143.4132811225,10
6.0275968624,143.4132811225,10
6.0777275969,144.9371838799,10
6.0777275969,144.9371838799,10
6.1400522938,131.2644803394,10
6.1400522938,131.2644803394,10
6.156667459,137.3339859683,10
6.156667459,137.3339859683,10
6.217423342,138.0975689346,10
6.217423342,138.0975689346,10
6.2788210126,134.3090226791,10
6.2788210126,134.3090226791,10
6.3108390777,136.5932452276,10
6.3108390777,136.5932452276,10
6.3468504873,140.3883178333,10
6.3468504873,140.3883178333,10
6.3993344426,138.1040952847,10
6.3993344426,138.1040952847,10
6.4471119563,139.6279980421,10
6.4471119563,139.6279980421,10
6.4797718089,136.5932452276,10
6.4797718089,136.5932452276,10
6.5383884003,131.2840593898,10
6.5383884003,131.2840593898,10
6.5838126931,132.7949094469,10
6.5838126931,132.7949094469,10
6.6141193249,131.2742698646,10
6.6141193249,131.2742698646,10
6.6705966247,132.7949094469,10
6.6705966247,132.7949094469,10
6.724364155,129.7601566324,10
6.724364155,129.7601566324,10
6.7593059187,135.0693424702,10
6.7593059187,135.0693424702,10
6.7977418588,136.5932452276,10
6.7977418588,136.5932452276,10
6.844877585,134.3090226791,10
6.844877585,134.3090226791,10
6.8954361778,136.5932452276,10
6.8954361778,136.5932452276,10
6.9403613026,124.4509707946,10
6.9403613026,124.4509707946,10
6.980508676,130.5139500734,10
6.980508676,130.5139500734,10
7.0427620632,132.0345896557,10
7.0427620632,132.0345896557,10
7.0649393867,128.990047316,10
7.0649393867,128.990047316,10
7.1167815546,132.0345896557,10
7.1167815546,132.0345896557,10
7.1672688377,135.0693424702,10
7.1672688377,135.0693424702,10
7.2180413596,132.7949094469,10
7.2180413596,132.7949094469,10
7.2449251248,134.3090226791,10
7.2449251248,134.3090226791,10
7.2961255051,130.5139500734,10
7.2961255051,130.5139500734,10
7.3537437604,125.9552945015,10
7.3537437604,125.9552945015,10
7.3829094367,129.7601566324,10
7.3829094367,129.7601566324,10
7.4526503447,115.3369228259,10
7.4526503447,115.3369228259,10
7.4946517709,128.2395170501,10
7.4946517709,128.2395170501,10
7.5288091276,125.2047642356,10
7.5288091276,125.2047642356,10
7.5810078441,116.8608255833,10
7.5810078441,116.8608255833,10
7.6252198716,122.9303312123,10
7.6252198716,122.9303312123,10
7.6642262895,130.5139500734,10
7.6642262895,130.5139500734,10
7.7070834324,121.4162179801,10
7.7070834324,121.4162179801,10
7.7608509627,118.3716756404,10
7.7608509627,118.3716756404,10
7.8037081055,124.4444444444,10
7.8037081055,124.4444444444,10
7.8341573568,125.9552945015,10
7.8341573568,125.9552945015,10
7.8877109579,122.9205416871,10
7.8877109579,122.9205416871,10
7.9435464702,125.1949747104,10
7.9435464702,125.1949747104,10
7.9772759686,122.1602218959,10
7.9772759686,122.1602218959,10
8.0348229142,116.0874530919,10
8.0348229142,116.0874530919,10
8.0717613501,128.990047316,10
8.0717613501,128.990047316,10
8.1442833373,115.3271333007,10
8.1442833373,115.3271333007,10
8.1647492275,119.1254690814,10
8.1647492275,119.1254690814,10
8.226146898,115.3369228259,10
8.226146898,115.3369228259,10
8.27948657,121.40969163,10
8.27948657,121.40969163,10
8.3063703352,122.9303312123,10
8.3063703352,122.9303312123,10
8.3496553363,120.6461086637,10
8.3496553363,120.6461086637,10
8.4014261944,123.6808614782,10
8.4014261944,123.6808614782,10
8.4462800095,110.7815304291,10
8.4462800095,110.7815304291,10
8.4914903732,115.3271333007,10
8.4914903732,115.3271333007,10
8.5341335869,118.3618861152,10
8.5341335869,118.3618861152,10
8.5944616116,114.5668135095,10
8.5944616116,114.5668135095,10
8.6185642976,118.3618861152,10
8.6185642976,118.3618861152,10
8.673330164,114.5766030348,10
8.673330164,114.5766030348,10
8.7447825053,100.9136890194,10
8.7447825053,100.9136890194,10
8.7815070121,113.0657529776,10
8.7815070121,113.0657529776,10
8.8088186356,108.5070974058,10
8.8088186356,108.5070974058,10
8.8603755645,110.7815304291,10
8.8603755645,110.7815304291,10
8.920774899,106.9831946484,10
8.920774899,106.9831946484,10
8.944877585,111.5418502203,10
8.944877585,111.5418502203,10
8.9898740195,113.0657529776,10
8.9898740195,113.0657529776,10
9.0491323984,109.2674171969,10
9.0491323984,109.2674171969,10
9.0811504635,112.3021700114,10
9.0811504635,112.3021700114,10
9.1312098883,100.1631587535,10
9.1312098883,100.1631587535,10
9.1755645353,105.4723445913,10
9.1755645353,105.4723445913,10
9.2244830045,106.9831946484,10
9.2244830045,106.9831946484,10
9.2504397433,103.197911568,10
9.2504397433,103.197911568,10
9.3139767055,105.4723445913,10
9.3139767055,105.4723445913,10
9.3528405039,109.2674171969,10
9.3528405039,109.2674171969,10
9.3799381982,104.7087616251,10
9.3799381982,104.7087616251,10
9.4198003328,108.5070974058,10
9.4198003328,108.5070974058,10
9.4848347991,97.1186164138,10
9.4848347991,97.1186164138,10
9.5326123128,99.3930494371,10
9.5326123128,99.3930494371,10
9.5662705015,96.3582966226,10
9.5662705015,96.3582966226,10
9.6053482291,101.6837983358,10
9.6053482291,101.6837983358,10
9.6594723081,102.4278022516,10
9.6594723081,102.4278022516,10
9.6855003565,98.6392559961,10
9.6855003565,98.6392559961,10
9.7373425244,101.6740088106,10
9.7373425244,101.6740088106,10
9.7896125505,97.1186164138,10
9.7896125505,97.1186164138,10
9.8290468267,92.5599608419,10
9.8290468267,92.5599608419,10
9.8433087711,104.7185511503,10
9.8433087711,104.7185511503,10
9.9037081055,101.6740088106,10
9.9037081055,101.6740088106,10
9.9435702401,103.1881220427,10
9.9435702401,103.1881220427,10
9.9892084621,100.9038994942,10
9.9892084621,100.9038994942,10
10.0337770383,95.6045031816,10
10.0337770383,95.6045031816,10
10.0811266936,97.1186164138,10
10.0811266936,97.1186164138,10
10.1086522463,94.0838635993,10
10.1086522463,94.0838635993,10
10.1470168766,95.6045031816,10
10.1470168766,95.6045031816,10
10.1995008319,92.5697503671,10
10.1995008319,92.5697503671,10
10.2257428096,88.0143579703,10
10.2257428096,88.0143579703,10
10.2730924649,89.5252080274,10
10.2730924649,89.5252080274,10
10.3297836938,87.2507750041,10
10.3297836938,87.2507750041,10
10.37178512,98.6294664709,10
10.37178512,98.6294664709,10
10.402305681,87.2605645293,10
10.402305681,87.2605645293,10
10.4385310197,92.5697503671,10
10.4385310197,92.5697503671,10
10.4952935584,93.3300701583,10
10.4952935584,93.3300701583,10
10.5231756596,81.9415891663,10
10.5231756596,81.9415891663,10
10.5586165914,93.3202806331,10
10.5586165914,93.3202806331,10
10.6083194676,88.7746777615,10
10.6083194676,88.7746777615,10
10.6511766104,84.2160221896,10
10.6511766104,84.2160221896,10
10.6615878298,95.6045031816,10
10.6615878298,95.6045031816,10
10.727691942,83.4654919236,10
10.727691942,83.4654919236,10
10.7782505348,85.739924947,10
10.7782505348,85.739924947,10
10.7859519848,82.7051721325,10
10.7859519848,82.7051721325,10
10.8169004041,88.0143579703,10
10.8169004041,88.0143579703,10
10.8757309246,82.7051721325,10
10.8757309246,82.7051721325,10
10.9043261231,78.1563060858,10
10.9043261231,78.1563060858,10
10.9290705966,89.5349975526,10
10.9290705966,89.5349975526,10
10.9814832422,84.9665524555,10
10.9814832422,84.9665524555,10
11.0401711433,78.9068363518,10
11.0401711433,78.9068363518,10
11.0328975517,85.739924947,10
11.0328975517,85.739924947,10
11.089232232,80.4209495839,10
11.089232232,80.4209495839,10
11.1275968624,82.6921194322,10
11.1275968624,82.6921194322,10
11.1480627526,88.7746777615,10
11.1480627526,88.7746777615,10
11.1874970288,72.8373307228,10
11.1874970288,72.8373307228,10
11.2225101022,80.4307391092,10
11.2225101022,80.4307391092,10
11.2576657951,75.1117637461,10
11.2576657951,75.1117637461,10
11.2747088186,77.3861967695,10
11.2747088186,77.3861967695,10
11.3169954837,74.3481807799,10
11.3169954837,74.3481807799,10
11.3483004516,84.9763419807,10
11.3483004516,84.9763419807,10
11.3670549085,72.8373307228,10
11.3670549085,72.8373307228,10
11.3913715237,77.3731440692,10
11.3913715237,77.3731440692,10
11.4442833373,78.9068363518,10
11.4442833373,78.9068363518,10
11.4750178274,82.6921194322,10
11.4750178274,82.6921194322,10
11.4784406941,78.1465165606,10
11.4784406941,78.1465165606,10
11.5227953411,74.3481807799,10
11.5227953411,74.3481807799,10
11.5622296173,69.8025779083,10
11.5622296173,69.8025779083,10
11.5615878298,80.4209495839,10
11.5615878298,80.4209495839,10
11.5916805324,78.1465165606,10
11.5916805324,78.1465165606,10
11.6451628239,71.3134279654,10
11.6451628239,71.3134279654,10
11.6703351557,69.0292054169,10
11.6703351557,69.0292054169,10
11.6718326599,70.5628976995,10
11.6718326599,70.5628976995,10
11.7032089375,69.0422581171,10
11.7032089375,69.0422581171,10
11.715117661,71.3134279654,10
11.715117661,71.3134279654,10
11.708985025,75.8622940121,10
11.708985025,75.8622940121,10
11.7112669361,72.0770109316,10
11.7112669361,72.0770109316,10
11.708985025,76.6226138032,10
11.708985025,76.6226138032,10
11.715117661,71.3036384402,10
11.715117661,71.3036384402,10
11.7273116235,60.6950562898,10
11.7273116235,60.6950562898,10
11.7174708819,69.8025779083,10
11.7174708819,69.8025779083,10
11.7211076777,66.7678250938,10
11.7211076777,66.7678250938,10
11.7187544569,69.8025779083,10
11.7187544569,69.8025779083,10
11.7211076777,66.7580355686,10
11.7211076777,66.7580355686,10
11.7174708819,71.3134279654,10
11.7174708819,71.3134279654,10
11.7236748277,63.7232827541,10
11.7236748277,63.7232827541,10
11.7200380319,68.2786751509,10
11.7200380319,68.2786751509,10
11.7161873069,72.0770109316,10
11.7161873069,72.0770109316,10
11.7211076777,66.7678250938,10
11.7211076777,66.7678250938,10
11.7236748277,65.2439223364,10
11.7236748277,65.2439223364,10
11.7223912527,66.7580355686,10
11.7223912527,66.7580355686,10
11.7247444735,65.2439223364,10
11.7247444735,65.2439223364,10
11.7334442596,57.6505139501,10
11.7334442596,57.6505139501,10
11.7273116235,62.9694893131,10
11.7273116235,62.9694893131,10
11.7223912527,67.5183553598,10
11.7223912527,67.5183553598,10
11.7334442596,56.8999836841,10
11.7334442596,56.8999836841,10
11.7322319943,59.1646271822,10
11.7322319943,59.1646271822,10
11.7247444735,65.2439223364,10
11.7247444735,65.2439223364,10
11.7381507012,52.3348017621,10
11.7381507012,52.3348017621,10
11.7285951985,62.2091695219,10
11.7285951985,62.2091695219,10
11.7334442596,58.4140969163,10
11.7334442596,58.4140969163,10
11.7296648443,61.458639256,10
11.7296648443,61.458639256,10
11.7322319943,58.4140969163,10
11.7322319943,58.4140969163,10
11.7357974804,54.6157611356,10
11.7357974804,54.6157611356,10
11.7345852151,56.139663893,10
11.7345852151,56.139663893,10
11.7381507012,53.1049110785,10
11.7381507012,53.1049110785,10
11.7381507012,54.6059716104,10
11.7381507012,54.6059716104,10
11.7322319943,61.4488497308,10
11.7322319943,61.4488497308,10
11.7407178512,53.8652308696,10
11.7407178512,53.8652308696,10
11.7345852151,58.4140969163,10
11.7345852151,58.4140969163,10
11.7357974804,56.1298743678,10
11.7357974804,56.1298743678,10
11.7357974804,57.6505139501,10
11.7357974804,57.6505139501,10
11.7381507012,54.6157611356,10
11.7381507012,54.6157611356,10
11.7357974804,56.8901941589,10
11.7357974804,56.8901941589,10
11.7370810554,54.6157611356,10
11.7370810554,54.6157611356,10
11.7407178512,50.070158264,10
11.7407178512,50.070158264,10
11.7381507012,52.3445912873,10
11.7381507012,52.3445912873,10
11.7420014262,50.8206885299,10
11.7420014262,50.8206885299,10
11.743071072,50.8206885299,10
11.743071072,50.8206885299,10
11.743071072,49.3098384728,10
11.743071072,49.3098384728,10
11.744354647,50.070158264,10
11.744354647,50.070158264,10
11.743071072,48.5364659814,10
11.743071072,48.5364659814,10
11.7381507012,53.1049110785,10
11.7381507012,53.1049110785,10
11.7381507012,54.6157611356,10
11.7381507012,54.6157611356,10
11.7407178512,51.5810083211,10
11.7407178512,51.5810083211,10
11.7518421678,44.751182901,10
11.7518421678,44.751182901,10
11.7529118136,43.9908631098,10
11.7529118136,43.9908631098,10
11.7529118136,44.7413933758,10
11.7529118136,44.7413933758,10
11.746921797,48.5560450318,10
11.746921797,48.5560450318,10
11.7479914428,45.5115026921,10
11.7479914428,45.5115026921,10
11.7357974804,47.7859357155,10
11.7357974804,47.7859357155,10
11.7357974804,44.751182901,10
11.7357974804,44.751182901,10
11.7381507012,45.5115026921,10
11.7381507012,45.5115026921,10
11.7357974804,43.9908631098,10
11.7357974804,43.9908631098,10
11.7370810554,40.2023168543,10
11.7370810554,40.2023168543,10
11.7407178512,41.7164300865,10
11.7407178512,41.7164300865,10
11.7381507012,39.4322075379,10
11.7381507012,39.4322075379,10
11.7420014262,47.0354054495,10
11.7420014262,47.0354054495,10
11.743071072,39.4419970631,10
11.743071072,39.4419970631,10
11.743071072,40.2023168543,10
11.743071072,40.2023168543,10
11.744354647,38.6686245717,10
11.744354647,38.6686245717,10
11.743071072,34.1328112253,10
11.743071072,34.1328112253,10
11.7381507012,44.000652635,10
11.7381507012,44.000652635,10
11.7381507012,33.3724914342,10
11.7381507012,33.3724914342,10
11.7407178512,34.8735519661,10
11.7407178512,34.8735519661,10
11.7518421678,33.3724914342,10
11.7518421678,33.3724914342,10
11.7529118136,34.1230217001,10
11.7529118136,34.1230217001,10
11.7529118136,34.1328112253,10
11.7529118136,34.1328112253,10
11.746921797,34.1328112253,10
11.746921797,34.1328112253,10
11.7479914428,37.9180943058,10
11.7479914428,37.9180943058,10
11.7357974804,28.8040463371,10
11.7357974804,28.8040463371,10
11.7357974804,28.8138358623,10
11.7357974804,28.8138358623,10
11.7381507012,28.8040463371,10
11.7381507012,28.8040463371,10
11.7357974804,28.0535160711,10
11.7357974804,28.0535160711,10
11.7370810554,25.7790830478,10
11.7370810554,25.7790830478,10
11.7407178512,27.2899331049,10
11.7407178512,27.2899331049,10
11.7381507012,27.2997226301,10
11.7381507012,27.2997226301,10
11.7420014262,21.2204274759,10
11.7420014262,21.2204274759,10
11.743071072,21.9840104422,10
11.743071072,21.9840104422,10
11.743071072,19.7095774188,10
11.743071072,19.7095774188,10
11.744354647,18.1856746614,10
11.744354647,18.1856746614,10
11.743071072,18.1856746614,10
11.743071072,18.1856746614,10
11.7381507012,17.4351443955,10
11.7381507012,17.4351443955,10
11.7381507012,16.6650350791,10
11.7381507012,16.6650350791,10
11.7407178512,16.6748246043,10
11.7407178512,16.6748246043,10
11.7518421678,16.6650350791,10
11.7518421678,16.6650350791,10
11.7529118136,17.4253548703,10
11.7529118136,17.4253548703,10
11.7529118136,16.6650350791,10
11.7529118136,16.6650350791,10
11.746921797,15.9112416381,10
11.746921797,15.9112416381,10
11.7479914428,15.9112416381,10
11.7479914428,15.9112416381,10
11.7357974804,15.9112416381,10
11.7357974804,15.9112416381,10
11.7381507012,15.150921847,10
11.7381507012,15.150921847,10
11.7357974804,15.1411323217,10
11.7357974804,15.1411323217,10
11.7370810554,15.1607113722,10
11.7370810554,15.1607113722,10
11.7407178512,15.150921847,10
11.7407178512,15.150921847,10
11.7381507012,15.1411323217,10
11.7381507012,15.1411323217,10
11.7420014262,15.150921847,10
11.7420014262,15.150921847,10
11.743071072,14.400391581,10
11.743071072,14.400391581,10
11.743071072,6.0466634035,10
11.743071072,6.0466634035,10
11.744354647,11.3558492413,10
11.744354647,11.3558492413,10
11.743071072,12.8764888236,10
11.743071072,12.8764888236,10
11.7381507012,5.2863436123,10
11.7381507012,5.2863436123,10
11.7381507012,7.5640398107,10
11.7381507012,7.5640398107,10
11.7407178512,11.3558492413,10
11.7407178512,11.3558492413,10
11.7518421678,2.2515907978,10
11.7518421678,2.2515907978,10
11.7529118136,15.150921847,10
11.7529118136,15.150921847,10
11.7529118136,6.0466634035,10
11.7529118136,6.0466634035,10
11.746921797,12.1259585577,10
11.746921797,12.1259585577,10
11.7479914428,11.3558492413,10
11.7479914428,11.3558492413,10
11.7357974804,10.5955294502,10
11.7357974804,10.5955294502,10
11.7357974804,9.8417360091,10
11.7357974804,9.8417360091,10
11.7381507012,5.2863436123,10
11.7381507012,5.2863436123,10
11.7357974804,12.1161690325,10
11.7357974804,12.1161690325,10
11.7370810554,11.3558492413,10
11.7370810554,11.3558492413,10
11.7407178512,5.2798172622,10
11.7407178512,5.2798172622,10
11.7381507012,5.2863436123,10
11.7381507012,5.2863436123,10
11.7420014262,6.8004568445,10
11.7420014262,6.8004568445,10
11.743071072,15.1411323217,10
11.743071072,15.1411323217,10
11.743071072,6.0368738783,10
11.743071072,6.0368738783,10
11.744354647,13.6400717899,10
11.744354647,13.6400717899,10
11.743071072,12.1161690325,10
11.743071072,12.1161690325,10
11.7381507012,5.2798172622,10
11.7381507012,5.2798172622,10
11.7381507012,8.3210964268,10
11.7381507012,8.3210964268,10
11.7407178512,5.2830804373,10
11.7407178512,5.2830804373,10
11.7518421678,8.3210964268,10
11.7518421678,8.3210964268,10
11.7529118136,3.0086474139,10
11.7529118136,3.0086474139,10
11.7529118136,6.8004568445,10
11.7529118136,6.8004568445,10
11.746921797,3.76570403,10
11.746921797,3.76570403,10
11.7479914428,8.3210964268,10
11.7479914428,8.3210964268,10
11.7357974804,3.0021210638,10
11.7357974804,3.0021210638,10
11.7357974804,4.5325501713,10
11.7357974804,4.5325501713,10
11.7381507012,7.5575134606,10
11.7381507012,7.5575134606,10
11.7357974804,4.519497471,10
11.7357974804,4.519497471,10
11.7370810554,6.8004568445,10
11.7370810554,6.8004568445,10
11.7407178512,3.7689672051,10
11.7407178512,3.7689672051,10
11.7381507012,10.5955294502,10
11.7381507012,10.5955294502,10
11.7420014262,8.3210964268,10
11.7420014262,8.3210964268,10
11.743071072,5.2798172622,10
11.743071072,5.2798172622,10
11.743071072,8.3178332518,10
11.743071072,8.3178332518,10
11.744354647,4.5292869962,10
11.744354647,4.5292869962,10
11.743071072,12.1063795073,10
11.743071072,12.1063795073,10
11.7381507012,5.2830804373,10
11.7381507012,5.2830804373,10
11.7381507012,4.5292869962,10
11.7381507012,4.5292869962,10
11.7407178512,9.8417360091,10
11.7407178512,9.8417360091,10
11.7518421678,4.5325501713,10
11.7518421678,4.5325501713,10
11.7529118136,8.3145700767,10
11.7529118136,8.3145700767,10
11.7529118136,6.8069831946,10
11.7529118136,6.8069831946,10
11.746921797,3.0021210638,10
11.746921797,3.0021210638,10
11.7479914428,3.0021210638,10
11.7479914428,3.0021210638,10
11.7357974804,6.8069831946,10
11.7357974804,6.8069831946,10
11.7357974804,10.5955294502,10
11.7357974804,10.5955294502,10
11.7381507012,6.0466634035,10
11.7381507012,6.0466634035,10
11.7357974804,6.0368738783,10
11.7357974804,6.0368738783,10
11.7370810554,3.0086474139,10
11.7370810554,3.0086474139,10
11.7407178512,6.0368738783,10
11.7407178512,6.0368738783,10
11.7381507012,5.2830804373,10
11.7381507012,5.2830804373,10
11.7420014262,4.5325501713,10
11.7420014262,4.5325501713,10
11.743071072,3.76570403,10
11.743071072,3.76570403,10
11.744354647,3.76570403,10
11.744354647,3.76570403,10
11.743071072,3.0053842389,10
11.743071072,3.0053842389,10
11.7381507012,6.0368738783,10
11.7381507012,6.0368738783,10
11.7381507012,4.5325501713,10
11.7381507012,4.5325501713,10
11.7407178512,5.2830804373,10
11.7407178512,5.2830804373,10
11.7518421678,5.2863436123,10
11.7518421678,5.2863436123,10
11.7529118136,5.2830804373,10
11.7529118136,5.2830804373,10
11.7529118136,3.76570403,10
11.7529118136,3.76570403,10
11.746921797,3.7689672051,10
11.746921797,3.7689672051,10
11.7479914428,2.2515907978,10
11.7479914428,2.2515907978,10
11.7357974804,2.2483276228,10
11.7357974804,2.2483276228,10
11.7357974804,4.5260238212,10
11.7357974804,4.5260238212,10
11.7381507012,3.7559145048,10
11.7381507012,3.7559145048,10
11.7357974804,3.7689672051,10
11.7357974804,3.7689672051,10
11.7370810554,3.7722303802,10
11.7370810554,3.7722303802,10
11.7407178512,3.0086474139,10
11.7407178512,3.0086474139,10
11.7381507012,4.519497471,10
11.7381507012,4.519497471,10
11.7420014262,4.5260238212,10
11.7420014262,4.5260238212,10
11.743071072,6.0466634035,10
11.743071072,6.0466634035,10
11.743071072,9.8417360091,10
11.743071072,9.8417360091,10
11.744354647,5.2863436123,10
11.744354647,5.2863436123,10
11.743071072,3.0151737641,10
11.743071072,3.0151737641,10
11.7381507012,1.4945341818,10
11.7381507012,1.4945341818,10
11.7407178512,-0.0326317507,10
11.7407178512,-0.0326317507,10
11.7518421678,0.7309512155,10
