w,u,path
0.0265951743,4.0624e-06,0
0.0186595174,-0.0123537537,0
0.0186595174,-0.0123537537,0
0.0199463807,-0.0061829704,0
0.0199463807,-0.0061829704,0
0.025308311,-0.0024618135,0
0.025308311,-0.0024618135,0
0.029383378,-0.0210025999,0
0.029383378,-0.0210025999,0
0.0319571046,-0.0135927852,0
0.0319571046,-0.0135927852,0
0.0503306524,-0.0123537537,0
0.0503306524,-0.0123537537,0
0.0578373548,-0.0222416315,0
0.0578373548,-0.0222416315,0
0.0704200179,-0.023480663,0
0.0704200179,-0.023480663,0
0.0973726542,-0.0172976926,0
0.0973726542,-0.0172976926,0
0.1183199285,-0.0321335717,0
0.1183199285,-0.0321335717,0
0.1358355675,-0.0321335717,0
0.1358355675,-0.0321335717,0
0.156997319,-0.023480663,0
0.156997319,-0.023480663,0
0.1435567471,-0.0419605135,0
0.1435567471,-0.0419605135,0
0.1411974978,-0.0283677283,0
0.1411974978,-0.0283677283,0
0.1563538874,-0.0258856029,0
0.1563538874,-0.0258856029,0
0.1554959786,-0.0357775431,0
0.1554959786,-0.0357775431,0
0.1597855228,-0.0283514787,0
0.1597855228,-0.0283514787,0
0.1608579088,-0.0394824504,0
0.1608579088,-0.0394824504,0
0.1685790885,-0.0271124472,0
0.1685790885,-0.0271124472,0
0.1645040214,-0.0382434189,0
0.1645040214,-0.0382434189,0
0.1694369973,-0.0271124472,0
0.1694369973,-0.0271124472,0
0.1709383378,-0.0394702632,0
0.1709383378,-0.0394702632,0
0.1803038427,-0.029578323,0
0.1803038427,-0.029578323,0
0.1685790885,-0.0370043874,0
0.1685790885,-0.0370043874,0
0.1818051832,-0.0431751706,0
0.1818051832,-0.0431751706,0
0.1839499553,-0.0345263243,0
0.1839499553,-0.0345263243,0
0.1852368186,-0.0481191095,0
0.1852368186,-0.0481191095,0
0.1730116175,-0.0370043874,0
0.1730116175,-0.0370043874,0
0.1833065237,-0.0419361391,0
0.1833065237,-0.0419361391,0
0.1901697945,-0.0530630484,0
0.1901697945,-0.0530630484,0
0.1751563896,-0.0370043874,0
0.1751563896,-0.0370043874,0
0.1777301162,-0.0419483263,0
0.1777301162,-0.0419483263,0
0.2033958892,-0.0505890478,0
0.2033958892,-0.0505890478,0
0.1811617516,-0.0332872928,0
0.1811617516,-0.0332872928,0
0.1773011618,-0.0419483263,0
0.1773011618,-0.0419483263,0
0.1869526363,-0.0481191095,0
0.1869526363,-0.0481191095,0
0.1901697945,-0.046880078,0
0.1901697945,-0.046880078,0
0.18974084,-0.0382312317,0
0.18974084,-0.0382312317,0
0.1884539768,-0.0444142021,0
0.1884539768,-0.0444142021,0
0.1995352994,-0.0456410465,0
0.1995352994,-0.0456410465,0
0.1995352994,-0.0505890478,0
0.1995352994,-0.0505890478,0
0.1798748883,-0.0370043874,0
0.1798748883,-0.0370043874,0
0.1973905273,-0.0431751706,0
0.1973905273,-0.0431751706,0
0.195746202,-0.0431751706,0
0.195746202,-0.0431751706,0
0.1929579982,-0.0567720182,0
0.1929579982,-0.0567720182,0
0.192743521,-0.0530630484,0
0.192743521,-0.0530630484,0
0.2068275246,-0.0530549236,0
0.2068275246,-0.0530549236,0
0.2098302055,-0.0505890478,0
0.2098302055,-0.0505890478,0
0.18974084,-0.0407092948,0
0.18974084,-0.0407092948,0
0.1923145666,-0.0369922002,0
0.1923145666,-0.0369922002,0
0.2061840929,-0.0382190445,0
0.2061840929,-0.0382190445,0
0.2036103664,-0.039458076,0
0.2036103664,-0.039458076,0
0.195746202,-0.0456410465,0
0.195746202,-0.0456410465,0
0.2068275246,-0.0431629834,0
0.2068275246,-0.0431629834,0
0.2061840929,-0.0431629834,0
0.2061840929,-0.0431629834,0
0.2061840929,-0.0444020149,0
0.2061840929,-0.0444020149,0
0.1980339589,-0.0419361391,0
0.1980339589,-0.0419361391,0
0.2010366399,-0.0456410465,0
0.2010366399,-0.0456410465,0
0.2010366399,-0.039458076,0
0.2010366399,-0.039458076,0
0.2014655943,-0.0419361391,0
0.2014655943,-0.0419361391,0
0.2040393208,-0.0530549236,0
0.2040393208,-0.0530549236,0
0.2091867739,-0.056759831,0
0.2091867739,-0.056759831,0
0.1986773905,-0.0456410465,0
0.1986773905,-0.0456410465,0
0.1983199285,-0.0493459539,0
0.1983199285,-0.0493459539,0
0.2132618409,-0.0505890478,0
0.2132618409,-0.0505890478,0
0.2132618409,-0.0468678908,0
0.2132618409,-0.0468678908,0
0.2057551385,-0.046880078,0
0.2057551385,-0.046880078,0
0.2016800715,-0.0542939552,0
0.2016800715,-0.0542939552,0
0.2055406613,-0.0592378941,0
0.2055406613,-0.0592378941,0
0.215406613,-0.0604647384,0
0.215406613,-0.0604647384,0
0.2132618409,-0.0505890478,0
0.2132618409,-0.0505890478,0
0.2132618409,-0.0468678908,0
0.2132618409,-0.0468678908,0
0.2175513852,-0.0555207995,0
0.2175513852,-0.0555207995,0
0.2089722967,-0.0617037699,0
0.2089722967,-0.0617037699,0
0.2038248436,-0.046880078,0
0.2038248436,-0.046880078,0
0.2098302055,-0.0456410465,0
0.2098302055,-0.0456410465,0
0.2256300268,-0.0579866753,0
0.2256300268,-0.0579866753,0
0.2189812332,-0.0518118297,0
0.2189812332,-0.0518118297,0
0.2201251117,-0.0444020149,0
0.2201251117,-0.0444020149,0
0.2241286863,-0.0604647384,0
0.2241286863,-0.0604647384,0
0.2130473637,-0.0555207995,0
0.2130473637,-0.0555207995,0
0.2068275246,-0.0518240169,0
0.2068275246,-0.0518240169,0
0.214334227,-0.0592378941,0
0.214334227,-0.0592378941,0
0.2252010724,-0.0481069223,0
0.2252010724,-0.0481069223,0
0.2206970509,-0.0592257069,0
0.2206970509,-0.0592257069,0
0.2156210903,-0.0530549236,0
0.2156210903,-0.0530549236,0
0.2256300268,-0.0481069223,0
0.2256300268,-0.0481069223,0
0.2294906166,-0.0579866753,0
0.2294906166,-0.0579866753,0
0.2111170688,-0.0456410465,0
0.2111170688,-0.0456410465,0
0.2228418231,-0.056759831,0
0.2228418231,-0.056759831,0
0.2267024129,-0.0505727982,0
0.2267024129,-0.0505727982,0
0.2196246649,-0.0617037699,0
0.2196246649,-0.0617037699,0
0.2147631814,-0.0493459539,0
0.2147631814,-0.0493459539,0
0.2354959786,-0.0629306142,0
0.2354959786,-0.0629306142,0
0.2267024129,-0.0468678908,0
0.2267024129,-0.0468678908,0
0.2301340483,-0.0616915827,0
0.2301340483,-0.0616915827,0
0.2249865952,-0.0493337667,0
0.2249865952,-0.0493337667,0
0.2348525469,-0.0592257069,0
0.2348525469,-0.0592257069,0
0.225844504,-0.0666477088,0
0.225844504,-0.0666477088,0
0.2271313673,-0.0505727982,0
0.2271313673,-0.0505727982,0
0.2275603217,-0.0666477088,0
0.2275603217,-0.0666477088,0
0.2324932976,-0.0579866753,0
0.2324932976,-0.0579866753,0
0.229919571,-0.0604647384,0
0.229919571,-0.0604647384,0
0.21769437,-0.0654086773,0
0.21769437,-0.0654086773,0
0.2286327078,-0.0468678908,0
0.2286327078,-0.0468678908,0
0.2314209115,-0.053038674,0
0.2314209115,-0.053038674,0
0.2249865952,-0.0617037699,0
0.2249865952,-0.0617037699,0
0.2236997319,-0.0579988625,0
0.2236997319,-0.0579988625,0
0.2316353887,-0.0518118297,0
0.2316353887,-0.0518118297,0
0.2204825737,-0.0592257069,0
0.2204825737,-0.0592257069,0
0.2194816801,-0.0666477088,0
0.2194816801,-0.0666477088,0
0.2252010724,-0.0530549236,0
0.2252010724,-0.0530549236,0
0.2339946381,-0.0505727982,0
0.2339946381,-0.0505727982,0
0.2234852547,-0.0604647384,0
0.2234852547,-0.0604647384,0
0.2271313673,-0.0629306142,0
0.2271313673,-0.0629306142,0
0.2249865952,-0.0641696458,0
0.2249865952,-0.0641696458,0
0.2249865952,-0.0518118297,0
0.2249865952,-0.0518118297,0
0.2252010724,-0.0542777056,0
0.2252010724,-0.0542777056,0
0.2252010724,-0.0555207995,0
0.2252010724,-0.0555207995,0
0.236997319,-0.0604647384,0
0.236997319,-0.0604647384,0
0.225844504,-0.0691135847,0
0.225844504,-0.0691135847,0
0.2249865952,-0.0691135847,0
0.2249865952,-0.0691135847,0
0.2339946381,-0.0678745531,0
0.2339946381,-0.0678745531,0
0.236997319,-0.0555207995,0
0.236997319,-0.0555207995,0
0.2286327078,-0.0518118297,0
0.2286327078,-0.0518118297,0
0.2352815013,-0.0493337667,0
0.2352815013,-0.0493337667,0
0.2374262735,-0.0542777056,0
0.2374262735,-0.0542777056,0
0.2335656836,-0.0542777056,0
0.2335656836,-0.0542777056,0
0.2267024129,-0.0555207995,0
0.2267024129,-0.0555207995,0
0.2357104558,-0.053038674,0
0.2357104558,-0.053038674,0
0.2476496872,-0.0542655184,0
0.2476496872,-0.0542655184,0
0.2404289544,-0.0542777056,0
0.2404289544,-0.0542777056,0
0.2394995532,-0.0555045499,0
0.2394995532,-0.0555045499,0
0.244432529,-0.0604525512,0
0.244432529,-0.0604525512,0
0.251510277,-0.0542655184,0
0.251510277,-0.0542655184,0
0.2431456658,-0.0555045499,0
0.2431456658,-0.0555045499,0
0.2378552279,-0.0505727982,0
0.2378552279,-0.0505727982,0
0.24,-0.053038674,0
0.24,-0.053038674,0
0.2361394102,-0.0517996425,0
0.2361394102,-0.0517996425,0
0.2333512064,-0.0691135847,0
0.2333512064,-0.0691135847,0
0.2457193923,-0.0715794605,0
0.2457193923,-0.0715794605,0
0.2534405719,-0.0653964901,0
0.2534405719,-0.0653964901,0
0.2388561215,-0.0666355216,0
0.2388561215,-0.0666355216,0
0.2397855228,-0.0579866753,0
0.2397855228,-0.0579866753,0
0.2500089366,-0.0567476438,0
0.2500089366,-0.0567476438,0
0.2452904379,-0.0555045499,0
0.2452904379,-0.0555045499,0
0.2418588025,-0.0678745531,0
0.2418588025,-0.0678745531,0
0.244432529,-0.0641574586,0
0.244432529,-0.0641574586,0
0.254512958,-0.0653964901,0
0.254512958,-0.0653964901,0
0.2573011618,-0.0592135197,0
0.2573011618,-0.0592135197,0
0.2427167113,-0.0592257069,0
0.2427167113,-0.0592257069,0
0.2590169794,-0.0715672733,0
0.2590169794,-0.0715672733,0
0.2560142985,-0.0666355216,0
0.2560142985,-0.0666355216,0
0.2417158177,-0.0592257069,0
0.2417158177,-0.0592257069,0
0.2412153709,-0.0691135847,0
0.2412153709,-0.0691135847,0
0.2521537087,-0.0666355216,0
0.2521537087,-0.0666355216,0
0.2510813226,-0.0678623659,0
0.2510813226,-0.0678623659,0
0.2446470063,-0.0579866753,0
0.2446470063,-0.0579866753,0
0.2564432529,-0.0691013975,0
0.2564432529,-0.0691013975,0
0.2523681859,-0.0678623659,0
0.2523681859,-0.0678623659,0
0.2478641644,-0.0579866753,0
0.2478641644,-0.0579866753,0
0.2391420912,-0.0740453364,0
0.2391420912,-0.0740453364,0
0.2594459339,-0.0666233344,0
0.2594459339,-0.0666233344,0
0.261590706,-0.0592135197,0
0.261590706,-0.0592135197,0
0.2536550492,-0.070340429,0
0.2536550492,-0.070340429,0
0.2455049151,-0.0616915827,0
0.2455049151,-0.0616915827,0
0.2549419124,-0.0592135197,0
0.2549419124,-0.0592135197,0
0.2536550492,-0.0691013975,0
0.2536550492,-0.0691013975,0
0.2420732797,-0.0641696458,0
0.2420732797,-0.0641696458,0
0.2579445934,-0.0691013975,0
0.2579445934,-0.0691013975,0
0.2579445934,-0.0592135197,0
0.2579445934,-0.0592135197,0
0.2547274352,-0.0728063048,0
0.2547274352,-0.0728063048,0
0.2536550492,-0.062918427,0
0.2536550492,-0.062918427,0
0.262663092,-0.0765152746,0
0.262663092,-0.0765152746,0
0.2645218945,-0.0653843029,0
0.2645218945,-0.0653843029,0
0.2613762288,-0.080220182,0
0.2613762288,-0.080220182,0
0.2521537087,-0.062918427,0
0.2521537087,-0.062918427,0
0.2681680071,-0.0777543061,0
0.2681680071,-0.0777543061,0
0.2668811439,-0.0666233344,0
0.2668811439,-0.0666233344,0
0.2673815907,-0.0752721807,0
0.2673815907,-0.0752721807,0
0.2553708668,-0.062918427,0
0.2553708668,-0.062918427,0
0.2633065237,-0.0715672733,0
0.2633065237,-0.0715672733,0
0.2679535299,-0.0616793955,0
0.2679535299,-0.0616793955,0
0.2551563896,-0.0752843679,0
0.2551563896,-0.0752843679,0
0.2654512958,-0.0752721807,0
0.2654512958,-0.0752721807,0
0.2594459339,-0.0691013975,0
0.2594459339,-0.0691013975,0
0.2600893655,-0.0814592135,0
0.2600893655,-0.0814592135,0
0.262663092,-0.0653964901,0
0.262663092,-0.0653964901,0
0.2793208222,-0.0715672733,0
0.3124218052,-0.0776527462,1
0.2998391421,-0.0788917777,1
0.2998391421,-0.0788917777,1
0.3120643432,-0.0838275918,1
0.3120643432,-0.0838275918,1
0.3117783735,-0.087520312,1
0.3117783735,-0.087520312,1
0.3137086685,-0.0912252194,1
0.3137086685,-0.0912252194,1
0.3011260054,-0.0838275918,1
0.3011260054,-0.0838275918,1
0.3120643432,-0.0751868703,1
0.3120643432,-0.0751868703,1
0.3207864164,-0.0751746831,1
0.3207864164,-0.0751746831,1
0.3179982127,-0.0751746831,1
0.3179982127,-0.0751746831,1
0.3111349419,-0.0776527462,1
0.3111349419,-0.0776527462,1
0.3205719392,-0.0825885603,1
0.3205719392,-0.0825885603,1
0.3130652368,-0.0825885603,1
0.3130652368,-0.0825885603,1
0.3171403038,-0.0862934677,1
0.3171403038,-0.0862934677,1
0.3133512064,-0.0838275918,1
0.3133512064,-0.0838275918,1
0.3158534406,-0.0838154046,1
0.3158534406,-0.0838154046,1
0.3139231457,-0.0887593435,1
0.3139231457,-0.0887593435,1
0.3169258266,-0.0924520637,1
0.3169258266,-0.0924520637,1
0.3141376229,-0.0899861878,1
0.3141376229,-0.0899861878,1
0.3199285076,-0.0924520637,1
0.3199285076,-0.0924520637,1
0.3164968722,-0.0936910952,1
0.3164968722,-0.0936910952,1
0.3075603217,-0.0936910952,1
0.3075603217,-0.0936910952,1
0.3240035746,-0.0899861878,1
0.3240035746,-0.0899861878,1
0.316282395,-0.0912252194,1
0.316282395,-0.0912252194,1
0.3096336014,-0.0924642509,1
0.3096336014,-0.0924642509,1
0.3212153709,-0.0924520637,1
0.3212153709,-0.0924520637,1
0.3330116175,-0.0825763731,1
0.3330116175,-0.0825763731,1
0.3231456658,-0.0924520637,1
0.3231456658,-0.0924520637,1
0.3222877569,-0.0936910952,1
0.3222877569,-0.0936910952,1
0.3310813226,-0.0862812805,1
0.3310813226,-0.0862812805,1
0.3252904379,-0.0862812805,1
0.3252904379,-0.0862812805,1
0.3257193923,-0.087520312,1
0.3257193923,-0.087520312,1
0.3205719392,-0.0838154046,1
0.3205719392,-0.0838154046,1
0.3293655049,-0.0862812805,1
0.3293655049,-0.0862812805,1
0.3216443253,-0.0838154046,1
0.3216443253,-0.0838154046,1
0.3278641644,-0.087520312,1
0.3278641644,-0.087520312,1
0.3272207328,-0.0776446214,1
0.3272207328,-0.0776446214,1
0.3242180518,-0.0776446214,1
0.3242180518,-0.0776446214,1
0.3282216265,-0.0764137147,1
0.3282216265,-0.0764137147,1
0.3134941912,-0.0813495288,1
0.3134941912,-0.0813495288,1
0.330795353,-0.0912130322,1
0.330795353,-0.0912130322,1
0.3218588025,-0.0862812805,1
0.3928507596,-0.0961813455,2
0.3960679178,-0.0998862528,2
0.3960679178,-0.0998862528,2
0.3917783735,-0.097420377,2
0.3917783735,-0.097420377,2
0.3952100089,-0.1023683783,2
0.3952100089,-0.1023683783,2
0.3945665773,-0.0986472213,2
0.3945665773,-0.0986472213,2
0.3859874888,-0.1036074098,2
0.3859874888,-0.1036074098,2
0.403717605,-0.0912252194,2
0.403717605,-0.0912252194,2
0.3941376229,-0.1011293468,2
0.3941376229,-0.1011293468,2
0.3967113494,-0.0937032824,2
0.3967113494,-0.0937032824,2
0.3960679178,-0.0961813455,2
0.3960679178,-0.0961813455,2
0.413798034,-0.0850300617,2
0.413798034,-0.0850300617,2
0.3971403038,-0.0974081898,2
0.3971403038,-0.0974081898,2
0.3979267203,-0.0899861878,2
0.3979267203,-0.0899861878,2
0.3998570152,-0.0974081898,2
0.3998570152,-0.0974081898,2
0.4082216265,-0.1048464413,2
0.4082216265,-0.1048464413,2
0.3907059875,-0.0937032824,2
0.3907059875,-0.0937032824,2
0.4017873101,-0.1011293468,2
0.4017873101,-0.1011293468,2
0.4027167113,-0.0899861878,2
0.4027167113,-0.0899861878,2
0.4125111707,-0.0998862528,2
0.4125111707,-0.0998862528,2
0.3919928508,-0.0875081248,2
0.3919928508,-0.0875081248,2
0.4017873101,-0.0961691583,2
0.4017873101,-0.0961691583,2
0.4027167113,-0.0850300617,2
0.4027167113,-0.0850300617,2
0.4028596962,-0.0924642509,2
0.4028596962,-0.0924642509,2
0.3958534406,-0.1036074098,2
0.3958534406,-0.1036074098,2
0.4088650581,-0.0961691583,2
0.4088650581,-0.0961691583,2
0.4127256479,-0.0974081898,2
0.4127256479,-0.0974081898,2
0.4099374441,-0.0912130322,2
0.4099374441,-0.0912130322,2
0.3982126899,-0.0998862528,2
0.3982126899,-0.0998862528,2
0.4043610366,-0.0899861878,2
0.4043610366,-0.0899861878,2
0.4073637176,-0.0887471563,2
0.4073637176,-0.0887471563,2
0.3952100089,-0.1060854729,2
0.3952100089,-0.1060854729,2
0.4032886506,-0.0986472213,2
0.4032886506,-0.0986472213,2
0.4032886506,-0.0974081898,2
0.4032886506,-0.0974081898,2
0.4069347632,-0.1060854729,2
0.4069347632,-0.1060854729,2
0.3934941912,-0.0887471563,2
0.3934941912,-0.0887471563,2
0.4071492404,-0.0986472213,2
0.4071492404,-0.0986472213,2
0.4062913315,-0.0862690933,2
0.4062913315,-0.0862690933,2
0.4099374441,-0.0961691583,2
0.4099374441,-0.0961691583,2
0.4001429848,-0.1036074098,2
0.4001429848,-0.1036074098,2
0.417873101,-0.0850178746,2
0.560714924,-0.1183661033,3
0.5713672922,-0.120819792,3
0.5713672922,-0.120819792,3
0.5780160858,-0.1072879428,3
0.5780160858,-0.1072879428,3
0.5705093834,-0.1146733832,3
0.5705093834,-0.1146733832,3
0.5617873101,-0.120819792,3
0.5617873101,-0.120819792,3
0.5617873101,-0.1146733832,3
0.5617873101,-0.1146733832,3
0.5675067024,-0.1097538187,3
0.5675067024,-0.1097538187,3
0.5627882038,-0.1195929477,3
0.5627882038,-0.1195929477,3
0.5589276139,-0.1245165746,3
0.5589276139,-0.1245165746,3
0.5705093834,-0.1048220669,3
0.5705093834,-0.1048220669,3
0.5683646113,-0.1183661033,3
0.5683646113,-0.1183661033,3
0.5623592493,-0.1232897303,3
0.5623592493,-0.1232897303,3
0.5775871314,-0.1097416315,3
0.5775871314,-0.1097416315,3
0.5724396783,-0.1097538187,3
0.5724396783,-0.1097538187,3
0.5576407507,-0.1245165746,3
0.5576407507,-0.1245165746,3
0.575227882,-0.1232897303,3
0.575227882,-0.1232897303,3
0.5767292225,-0.1085147871,3
0.5767292225,-0.1085147871,3
0.5532082216,-0.1159124147,3
0.5532082216,-0.1159124147,3
0.5657908847,-0.1245165746,3
0.5657908847,-0.1245165746,3
0.5692225201,-0.1060610985,3
0.5692225201,-0.1060610985,3
0.5685790885,-0.1195929477,3
0.5685790885,-0.1195929477,3
0.5645040214,-0.1232897303,3
0.5645040214,-0.1232897303,3
0.575227882,-0.1060610985,3
0.575227882,-0.1060610985,3
0.567077748,-0.1134465388,3
0.567077748,-0.1134465388,3
0.5642895442,-0.1159002275,3
0.5642895442,-0.1159002275,3
0.5758713137,-0.1232897303,3
0.5758713137,-0.1232897303,3
0.5724396783,-0.110980663,3
0.5724396783,-0.110980663,3
0.5717962466,-0.1171270718,3
0.5717962466,-0.1171270718,3
0.5775871314,-0.1220506987,3
0.5775871314,-0.1220506987,3
0.5615013405,-0.1122075073,3
0.5615013405,-0.1122075073,3
0.5589276139,-0.1097538187,3
0.5589276139,-0.1097538187,3
0.5687935657,-0.1183661033,3
0.5687935657,-0.1183661033,3
0.5724396783,-0.1183539162,3
0.5724396783,-0.1183539162,3
0.5683646113,-0.1122075073,3
0.5683646113,-0.1122075073,3
0.5587846291,-0.1183661033,3
0.5587846291,-0.1183661033,3
0.5808042895,-0.1122075073,3
0.5808042895,-0.1122075073,3
0.5739410188,-0.110980663,3
0.7558891868,-0.1268605785,4
0.7443074173,-0.1281117972,4
0.7443074173,-0.1281117972,4
0.7494548704,-0.12809961,4
0.7494548704,-0.12809961,4
0.764253798,-0.1330435489,4
0.764253798,-0.1330435489,4
0.7475245755,-0.1243906402,4
0.7475245755,-0.1243906402,4
0.7509562109,-0.1342825804,4
0.7509562109,-0.1342825804,4
0.7567470956,-0.1367484563,4
0.7567470956,-0.1367484563,4
0.7509562109,-0.1219247644,4
0.7509562109,-0.1219247644,4
0.7509562109,-0.12809961,4
0.7509562109,-0.12809961,4
0.7533154602,-0.1231516087,4
0.7533154602,-0.1231516087,4
0.7546023235,-0.1256337342,4
0.7546023235,-0.1256337342,4
0.742663092,-0.1268727657,4
0.742663092,-0.1268727657,4
0.7671849866,-0.12809961,4
0.7671849866,-0.12809961,4
0.7558891868,-0.1256337342,4
0.7558891868,-0.1256337342,4
0.7500983021,-0.1293386415,4
0.7500983021,-0.1293386415,4
0.7651117069,-0.1318045174,4
0.7651117069,-0.1318045174,4
0.7599642538,-0.1231516087,4
0.7599642538,-0.1231516087,4
0.7481680071,-0.1281117972,4
0.7481680071,-0.1281117972,4
0.7533154602,-0.1379874878,4
0.7533154602,-0.1379874878,4
0.7563181412,-0.1206857329,4
0.7563181412,-0.1206857329,4
0.7436639857,-0.1305776731,4
0.7436639857,-0.1305776731,4
0.760178731,-0.1367484563,4
0.760178731,-0.1367484563,4
0.7658981233,-0.1219125772,4
0.7658981233,-0.1219125772,4
0.7550312779,-0.1330435489,4
0.7550312779,-0.1330435489,4
0.7588918677,-0.1367484563,4
0.7588918677,-0.1367484563,4
0.7586773905,-0.1243906402,4
0.7586773905,-0.1243906402,4
0.7546023235,-0.1293386415,4
0.7546023235,-0.1293386415,4
0.7466666667,-0.1318167046,4
0.7466666667,-0.1318167046,4
0.7644682752,-0.1182076698,4
0.7644682752,-0.1182076698,4
0.7610366399,-0.1293386415,4
0.7610366399,-0.1293386415,4
0.7394459339,-0.1342825804,4
0.7394459339,-0.1342825804,4
0.7563181412,-0.1206857329,4
0.7563181412,-0.1206857329,4
0.7658981233,-0.1219125772,4
0.7658981233,-0.1219125772,4
0.760178731,-0.1293386415,4
0.760178731,-0.1293386415,4
0.7537444147,-0.1243906402,4
0.7537444147,-0.1243906402,4
0.7610366399,-0.1268605785,4
0.7610366399,-0.1268605785,4
0.7623235031,-0.12809961,4
0.810437891,-0.1298951901,5
0.7026273458,-0.123919402,5
0.7565326184,-0.123919402,5
0.7565326184,-0.1298951901,5
0.7026273458,-0.1298951901,5
0.810437891,-0.123919402,5
0.7975692583,-0.1312073448,5
0.6924039321,-0.1250853104,5
0.7462377122,-0.1250853104,5
0.7462377122,-0.1312073448,5
0.6924039321,-0.1312073448,5
0.7975692583,-0.1250853104,5
0.8027167113,-0.1312073448,5
0.6975513852,-0.1250853104,5
0.7513851653,-0.1250853104,5
0.7513851653,-0.1312073448,5
0.6975513852,-0.1312073448,5
0.8027167113,-0.1250853104,5
0.8180875782,-0.1361675333,5
0.712922252,-0.1300414365,5
0.764253798,-0.1300414365,5
0.764253798,-0.1361675333,5
0.712922252,-0.1361675333,5
0.8180875782,-0.1300414365,5
0.8001429848,-0.1274171271,5
0.6949776586,-0.121441339,5
0.7488114388,-0.121441339,5
0.7488114388,-0.1274171271,5
0.6949776586,-0.1274171271,5
0.8001429848,-0.121441339,5
0.8052904379,-0.1373334417,5
0.6975513852,-0.1313535912,5
0.7513851653,-0.1313535912,5
0.7513851653,-0.1373334417,5
0.6975513852,-0.1373334417,5
0.8052904379,-0.1313535912,5
0.810437891,-0.1398115047,5
0.7052010724,-0.1338316542,5
0.7565326184,-0.1338316542,5
0.7565326184,-0.1398115047,5
0.7052010724,-0.1398115047,5
0.810437891,-0.1338316542,5
0.8052904379,-0.124939064,5
0.6975513852,-0.1189632759,5
0.7513851653,-0.1189632759,5
0.7513851653,-0.124939064,5
0.6975513852,-0.124939064,5
0.8052904379,-0.1189632759,5
0.8052904379,-0.1312073448,5
0.6975513852,-0.1250853104,5
0.7513851653,-0.1250853104,5
0.7513851653,-0.1312073448,5
0.6975513852,-0.1312073448,5
0.8052904379,-0.1250853104,5
0.8078641644,-0.1262512187,5
0.7000536193,-0.1201291843,5
0.7539588919,-0.1201291843,5
0.7539588919,-0.1262512187,5
0.7000536193,-0.1262512187,5
0.8078641644,-0.1201291843,5
0.8078641644,-0.1287292818,5
0.7026273458,-0.1226072473,5
0.7565326184,-0.1226072473,5
0.7565326184,-0.1287292818,5
0.7026273458,-0.1287292818,5
0.8078641644,-0.1226072473,5
0.7975692583,-0.1298951901,5
0.6898302055,-0.123919402,5
0.7436639857,-0.123919402,5
0.7436639857,-0.1298951901,5
0.6898302055,-0.1298951901,5
0.7975692583,-0.123919402,5
0.8206613047,-0.1312073448,5
0.7154959786,-0.1250853104,5
0.7667560322,-0.1250853104,5
0.7667560322,-0.1312073448,5
0.7154959786,-0.1312073448,5
0.8206613047,-0.1250853104,5
0.810437891,-0.1287292818,5
0.7026273458,-0.1226072473,5
0.7565326184,-0.1226072473,5
0.7565326184,-0.1287292818,5
0.7026273458,-0.1287292818,5
0.810437891,-0.1226072473,5
0.8027167113,-0.1323732532,5
0.6975513852,-0.1263974651,5
0.7513851653,-0.1263974651,5
0.7513851653,-0.1323732532,5
0.6975513852,-0.1323732532,5
0.8027167113,-0.1263974651,5
0.8180875782,-0.1348513162,5
0.712922252,-0.1288755281,5
0.7667560322,-0.1288755281,5
0.7667560322,-0.1348513162,5
0.712922252,-0.1348513162,5
0.8180875782,-0.1288755281,5
0.8130116175,-0.1262512187,5
0.7077747989,-0.1201291843,5
0.7616800715,-0.1201291843,5
0.7616800715,-0.1262512187,5
0.7077747989,-0.1262512187,5
0.8130116175,-0.1201291843,5
0.8027167113,-0.1312073448,5
0.6949776586,-0.1250853104,5
0.7488114388,-0.1250853104,5
0.7488114388,-0.1312073448,5
0.6949776586,-0.1312073448,5
0.8027167113,-0.1250853104,5
0.8078641644,-0.1411236594,5
0.7000536193,-0.1349975626,5
0.7539588919,-0.1349975626,5
0.7539588919,-0.1411236594,5
0.7000536193,-0.1411236594,5
0.8078641644,-0.1349975626,5
0.810437891,-0.1237731557,5
0.7026273458,-0.1176511212,5
0.7565326184,-0.1176511212,5
0.7565326184,-0.1237731557,5
0.7026273458,-0.1237731557,5
0.810437891,-0.1176511212,5
0.7975692583,-0.1336854079,5
0.6924039321,-0.1275633734,5
0.7436639857,-0.1275633734,5
0.7436639857,-0.1336854079,5
0.6924039321,-0.1336854079,5
0.7975692583,-0.1275633734,5
0.8130116175,-0.1398115047,5
0.7077747989,-0.1338316542,5
0.7616800715,-0.1338316542,5
0.7616800715,-0.1398115047,5
0.7077747989,-0.1398115047,5
0.8130116175,-0.1338316542,5
0.8206613047,-0.124939064,5
0.712922252,-0.1189632759,5
0.7667560322,-0.1189632759,5
0.7667560322,-0.124939064,5
0.712922252,-0.124939064,5
0.8206613047,-0.1189632759,5
0.8078641644,-0.1361675333,5
0.7026273458,-0.1300414365,5
0.7565326184,-0.1300414365,5
0.7565326184,-0.1361675333,5
0.7026273458,-0.1361675333,5
0.8078641644,-0.1300414365,5
0.8130116175,-0.1398115047,5
0.7077747989,-0.1338316542,5
0.759106345,-0.1338316542,5
0.759106345,-0.1398115047,5
0.7077747989,-0.1398115047,5
0.8130116175,-0.1338316542,5
0.8130116175,-0.1274171271,5
0.7052010724,-0.121441339,5
0.759106345,-0.121441339,5
0.759106345,-0.1274171271,5
0.7052010724,-0.1274171271,5
0.8130116175,-0.121441339,5
0.8078641644,-0.1323732532,5
0.7026273458,-0.1263974651,5
0.7565326184,-0.1263974651,5
0.7565326184,-0.1323732532,5
0.7026273458,-0.1323732532,5
0.8078641644,-0.1263974651,5
0.8001429848,-0.1348513162,5
0.6949776586,-0.1288755281,5
0.7462377122,-0.1288755281,5
0.7462377122,-0.1348513162,5
0.6949776586,-0.1348513162,5
0.8001429848,-0.1288755281,5
0.8180875782,-0.1212950926,5
0.712922252,-0.1151730582,5
0.764253798,-0.1151730582,5
0.764253798,-0.1212950926,5
0.712922252,-0.1212950926,5
0.8180875782,-0.1151730582,5
0.8155853441,-0.1323732532,5
0.7077747989,-0.1263974651,5
0.7616800715,-0.1263974651,5
0.7616800715,-0.1323732532,5
0.7077747989,-0.1323732532,5
0.8155853441,-0.1263974651,5
0.7924218052,-0.137479688,5
0.687256479,-0.1313535912,5
0.7410902592,-0.1313535912,5
0.7410902592,-0.137479688,5
0.687256479,-0.137479688,5
0.7924218052,-0.1313535912,5
0.810437891,-0.1237731557,5
0.7052010724,-0.1176511212,5
0.7565326184,-0.1176511212,5
0.7565326184,-0.1237731557,5
0.7052010724,-0.1237731557,5
0.810437891,-0.1176511212,5
0.8206613047,-0.124939064,5
0.712922252,-0.1189632759,5
0.7667560322,-0.1189632759,5
0.7667560322,-0.124939064,5
0.712922252,-0.124939064,5
0.8206613047,-0.1189632759,5
0.8130116175,-0.1323732532,5
0.7077747989,-0.1263974651,5
0.7616800715,-0.1263974651,5
0.7616800715,-0.1323732532,5
0.7077747989,-0.1323732532,5
0.8130116175,-0.1263974651,5
0.8078641644,-0.1274171271,5
0.7026273458,-0.121441339,5
0.7539588919,-0.121441339,5
0.7539588919,-0.1274171271,5
0.7026273458,-0.1274171271,5
0.8078641644,-0.121441339,5
0.8155853441,-0.1298951901,5
0.7077747989,-0.123919402,5
0.7616800715,-0.123919402,5
0.7616800715,-0.1298951901,5
0.7077747989,-0.1298951901,5
0.8155853441,-0.123919402,5
0.8155853441,-0.1312073448,5
0.7103485255,-0.1250853104,5
0.7616800715,-0.1250853104,5
0.7616800715,-0.1312073448,5
0.7103485255,-0.1312073448,5
0.8155853441,-0.1250853104,5
0.941054513,-0.1318167046,6
0.9374084004,-0.1330557361,6
0.9374084004,-0.1330557361,6
0.9423413762,-0.1392265193,6
0.9423413762,-0.1392265193,6
0.9489901698,-0.1466282093,6
0.9489901698,-0.1466282093,6
0.9329043789,-0.135521612,6
0.9329043789,-0.135521612,6
0.9361215371,-0.1305898603,6
0.9361215371,-0.1305898603,6
0.9506344951,-0.1392265193,6
0.9506344951,-0.1392265193,6
0.9399821269,-0.1305898603,6
0.9399821269,-0.1305898603,6
0.9412689902,-0.1342947676,6
0.9412689902,-0.1342947676,6
0.9447006256,-0.1305898603,6
0.9447006256,-0.1305898603,6
0.9449151028,-0.1429314267,6
0.9449151028,-0.1429314267,6
0.9369794459,-0.1281239844,6
0.9369794459,-0.1281239844,6
0.9530652368,-0.145401365,6
0.9530652368,-0.145401365,6
0.9459874888,-0.1293508287,6
0.9459874888,-0.1293508287,6
0.9314030384,-0.1429314267,6
0.9314030384,-0.1429314267,6
0.9431992851,-0.135521612,6
0.9431992851,-0.135521612,6
0.9511349419,-0.145401365,6
0.9511349419,-0.145401365,6
0.9320464701,-0.1330557361,6
0.9320464701,-0.1330557361,6
0.9511349419,-0.1367484563,6
0.9511349419,-0.1367484563,6
0.9589991063,-0.1330435489,6
0.9589991063,-0.1330435489,6
0.9341912422,-0.1318288918,6
0.9341912422,-0.1318288918,6
0.9423413762,-0.1379874878,6
0.9423413762,-0.1379874878,6
0.9414834674,-0.1379874878,6
0.9414834674,-0.1379874878,6
0.9499910634,-0.1404533637,6
0.9499910634,-0.1404533637,6
0.9361215371,-0.1330557361,6
0.9361215371,-0.1330557361,6
0.9547095621,-0.1392143321,6
0.9547095621,-0.1392143321,6
0.9483467382,-0.1305898603,6
0.9483467382,-0.1305898603,6
0.9369794459,-0.1416923952,6
0.9369794459,-0.1416923952,6
0.9453440572,-0.1305898603,6
0.9453440572,-0.1305898603,6
0.9537086685,-0.1453851154,6
0.9537086685,-0.1453851154,6
0.9459874888,-0.1318167046,6
0.9459874888,-0.1318167046,6
0.9382663092,-0.144158271,6
0.9382663092,-0.144158271,6
0.9499910634,-0.1379874878,6
0.9499910634,-0.1379874878,6
0.9485612154,-0.1330557361,6
0.9485612154,-0.1330557361,6
0.9365504915,-0.135521612,6
0.9365504915,-0.135521612,6
0.9401966041,-0.144158271,6
0.9401966041,-0.144158271,6
0.9553529937,-0.1392143321,6
0.9553529937,-0.1392143321,6
0.9521358356,-0.135521612,6
1.450795353,-0.1501624959,7
1.4374977659,-0.162540624,7
1.4374977659,-0.162540624,7
1.4565862377,-0.1588235294,7
1.4565862377,-0.1588235294,7
1.4559428061,-0.1501624959,7
1.4559428061,-0.1501624959,7
1.4392135836,-0.1637796555,7
1.4392135836,-0.1637796555,7
1.4593029491,-0.1526283718,7
1.4593029491,-0.1526283718,7
1.4556568365,-0.1464454014,7
1.4556568365,-0.1464454014,7
1.4462913315,-0.1613015925,7
1.4462913315,-0.1613015925,7
1.4610187668,-0.1526283718,7
1.4610187668,-0.1526283718,7
1.4726005362,-0.1476722457,7
1.4726005362,-0.1476722457,7
1.4706702413,-0.1650105622,7
1.4706702413,-0.1650105622,7
1.4573726542,-0.1476844329,7
1.4573726542,-0.1476844329,7
1.4700268097,-0.1414852129,7
1.4700268097,-0.1414852129,7
1.4648793566,-0.1526283718,7
1.4648793566,-0.1526283718,7
1.4584450402,-0.1476844329,7
1.4584450402,-0.1476844329,7
1.4706702413,-0.1625284368,7
1.4706702413,-0.1625284368,7
1.4819660411,-0.1538674033,7
1.4819660411,-0.1538674033,7
1.4762466488,-0.1464291518,7
1.4762466488,-0.1464291518,7
1.4706702413,-0.1600503737,7
1.4706702413,-0.1600503737,7
1.4817515639,-0.1501503087,7
1.4817515639,-0.1501503087,7
1.4851831993,-0.1451901202,7
1.4851831993,-0.1451901202,7
1.4736729223,-0.1538674033,7
1.4736729223,-0.1538674033,7
1.4800357462,-0.1526283718,7
1.4800357462,-0.1526283718,7
1.4896872207,-0.1550942476,7
1.4896872207,-0.1550942476,7
1.483896336,-0.1563332792,7
1.483896336,-0.1563332792,7
1.479821269,-0.1439551511,7
1.479821269,-0.1439551511,7
1.4974084004,-0.1637552811,7
1.4974084004,-0.1637552811,7
1.4929043789,-0.1550942476,7
1.4929043789,-0.1550942476,7
1.4881858803,-0.1451901202,7
1.4881858803,-0.1451901202,7
1.5007685433,-0.1625162496,7
1.5007685433,-0.1625162496,7
1.5078462913,-0.1526161846,7
1.5078462913,-0.1526161846,7
1.4896872207,-0.1427161196,7
1.4896872207,-0.1427161196,7
1.5078462913,-0.1575601235,7
1.5078462913,-0.1575601235,7
1.519642538,-0.1526039974,7
1.519642538,-0.1526039974,7
1.5104200179,-0.146421027,7
1.5104200179,-0.146421027,7
1.5020554066,-0.1538552161,7
1.5020554066,-0.1538552161,7
1.5142806077,-0.1427039324,7
1.5142806077,-0.1427039324,7
1.5211438785,-0.1612772181,7
1.4518677391,-0.1469532012,8
1.4518677391,-0.1530752356,8
1.3979624665,-0.1500162496,8
1.5057015192,-0.1500162496,8
1.4389991063,-0.1593475788,8
1.4389991063,-0.1654696133,8
1.3851653262,-0.1624065648,8
1.4929043789,-0.1624065648,8
1.4569436997,-0.1557036074,8
1.4569436997,-0.1618256419,8
1.4031099196,-0.1587625934,8
1.5108489723,-0.1587625934,8
1.4569436997,-0.1469532012,8
1.4569436997,-0.1530752356,8
1.4031099196,-0.1500162496,8
1.5108489723,-0.1500162496,8
1.4415728329,-0.1606597335,8
1.4415728329,-0.166781768,8
1.3876675603,-0.1637187195,8
1.4929043789,-0.1637187195,8
1.4595174263,-0.1494312642,8
1.4595174263,-0.1555573611,8
1.4056121537,-0.1524943126,8
1.5134226988,-0.1524943126,8
1.4569436997,-0.1433092298,8
1.4569436997,-0.1494312642,8
1.4031099196,-0.1463722782,8
1.5108489723,-0.1463722782,8
1.446720286,-0.1581816705,8
1.446720286,-0.1643037049,8
1.3928150134,-0.1612406565,8
1.5006255585,-0.1612406565,8
1.4620911528,-0.1494312642,8
1.4620911528,-0.1555573611,8
1.4081858803,-0.1524943126,8
1.5159964254,-0.1524943126,8
1.472386059,-0.1444751381,8
1.472386059,-0.1505971726,8
1.421054513,-0.1475381865,8
1.5262913315,-0.1475381865,8
1.472386059,-0.1618256419,8
1.472386059,-0.1679476763,8
1.4184807864,-0.1648846279,8
1.5262913315,-0.1648846279,8
1.4595174263,-0.1444751381,8
1.4595174263,-0.1505971726,8
1.4056121537,-0.1475381865,8
1.5108489723,-0.1475381865,8
1.4698123324,-0.1383531037,8
1.4698123324,-0.1444751381,8
1.4184807864,-0.1414120897,8
1.523717605,-0.1414120897,8
1.4646648794,-0.1494312642,8
1.4646648794,-0.1555573611,8
1.4133333333,-0.1524943126,8
1.5185701519,-0.1524943126,8
1.4595174263,-0.1444751381,8
1.4595174263,-0.1505971726,8
1.4056121537,-0.1475381865,8
1.5134226988,-0.1475381865,8
1.472386059,-0.1593475788,8
1.472386059,-0.1654696133,8
1.4184807864,-0.1624065648,8
1.523717605,-0.1624065648,8
1.4826094727,-0.1507434189,8
1.4826094727,-0.1568695158,8
1.4287042002,-0.1538064673,8
1.5365147453,-0.1538064673,8
1.4774620197,-0.1433092298,8
1.4774620197,-0.1494312642,8
1.4236282395,-0.1463722782,8
1.5313672922,-0.1463722782,8
1.472386059,-0.1568695158,8
1.472386059,-0.1629915502,8
1.4184807864,-0.1599285018,8
1.523717605,-0.1599285018,8
1.4826094727,-0.1469532012,8
1.4826094727,-0.1530752356,8
1.4287042002,-0.1500162496,8
1.5365147453,-0.1500162496,8
1.4851831993,-0.1419970751,8
1.4851831993,-0.1481191095,8
1.4312779267,-0.1450601235,8
1.5390884718,-0.1450601235,8
1.4749597855,-0.1507434189,8
1.4749597855,-0.1568695158,8
1.421054513,-0.1538064673,8
1.5287935657,-0.1538064673,8
1.4800357462,-0.1494312642,8
1.4800357462,-0.1555573611,8
1.4287042002,-0.1524943126,8
1.5339410188,-0.1524943126,8
1.4903306524,-0.1519093273,8
1.4903306524,-0.1580354241,8
1.4364253798,-0.1549723757,8
1.5442359249,-0.1549723757,8
1.4851831993,-0.153221482,8
1.4851831993,-0.1593475788,8
1.4312779267,-0.1562845304,8
1.5390884718,-0.1562845304,8
1.4800357462,-0.1408311667,8
1.4800357462,-0.1469532012,8
1.426201966,-0.1438901527,8
1.5339410188,-0.1438901527,8
1.498051832,-0.1606597335,8
1.498051832,-0.1666355216,8
1.4441465594,-0.1637187195,8
1.5518856122,-0.1637187195,8
1.4929043789,-0.1519093273,8
1.4929043789,-0.1580354241,8
1.4389991063,-0.1549723757,8
1.5468096515,-0.1549723757,8
1.4877569258,-0.1419970751,8
1.4877569258,-0.1481191095,8
1.4364253798,-0.1450601235,8
1.5416621984,-0.1450601235,8
1.5006255585,-0.1593475788,8
1.5006255585,-0.1654696133,8
1.446720286,-0.1624065648,8
1.5544593387,-0.1624065648,8
1.5082752458,-0.1494312642,8
1.5082752458,-0.1555573611,8
1.4543699732,-0.1524943126,8
1.5621805183,-0.1524943126,8
1.4903306524,-0.139519012,8
1.4903306524,-0.1456410465,8
1.4364253798,-0.1425779981,8
1.5442359249,-0.1425779981,8
1.5082752458,-0.1543873903,8
1.5082752458,-0.1605134872,8
1.4543699732,-0.1574504387,8
1.5621805183,-0.1574504387,8
1.5211438785,-0.1494312642,8
1.5211438785,-0.1555573611,8
1.4672386059,-0.1524943126,8
1.5724039321,-0.1524943126,8
1.5108489723,-0.1433092298,8
1.5108489723,-0.1494312642,8
1.4569436997,-0.1463722782,8
1.5647542449,-0.1463722782,8
1.5031277927,-0.1507434189,8
1.5031277927,-0.1568695158,8
1.4492940125,-0.1538064673,8
1.5570330652,-0.1538064673,8
1.5159964254,-0.139519012,8
1.5159964254,-0.1456410465,8
1.4620911528,-0.1425779981,8
1.567256479,-0.1425779981,8
1.5211438785,-0.1581816705,8
1.5211438785,-0.1641574586,8
1.4672386059,-0.1612406565,8
1.5749776586,-0.1612406565,8
1.6361751564,-0.1623618785,9
1.6359606792,-0.1463844654,9
1.6359606792,-0.1463844654,9
1.6634852547,-0.1525064998,9
1.6634852547,-0.1525064998,9
1.658409294,-0.15619922,9
1.658409294,-0.15619922,9
1.6515460232,-0.1512918427,9
1.6515460232,-0.1512918427,9
1.684432529,-0.1611065973,9
1.684432529,-0.1611065973,9
1.6861483467,-0.1512674683,9
1.6861483467,-0.1512674683,9
1.6793565684,-0.1512796555,9
1.6793565684,-0.1512796555,9
1.6960142985,-0.1524943126,9
1.6960142985,-0.1524943126,9
1.6977301162,-0.1475869353,9
1.6977301162,-0.1475869353,9
1.6860053619,-0.1512674683,9
1.6860053619,-0.1512674683,9
1.7167470956,-0.1512552811,9
1.7167470956,-0.1512552811,9
1.7150312779,-0.1475747481,9
1.7150312779,-0.1475747481,9
1.7100983021,-0.1610944101,9
1.7100983021,-0.1610944101,9
1.7271849866,-0.1488015925,9
1.7271849866,-0.1488015925,9
1.7301876676,-0.1610862853,9
1.7301876676,-0.1610862853,9
1.7271849866,-0.1623090673,9
1.7271849866,-0.1623090673,9
1.7331903485,-0.1475625609,9
1.7331903485,-0.1475625609,9
1.7717247542,-0.1536967826,9
1.7717247542,-0.1536967826,9
1.7800178731,-0.1536845954,9
1.7800178731,-0.1536845954,9
1.7795889187,-0.1500040624,9
1.7795889187,-0.1500040624,9
1.8209115282,-0.159818817,9
1.8209115282,-0.159818817,9
1.8244861483,-0.1561260968,9
1.8244861483,-0.1561260968,9
1.821054513,-0.1573651284,9
1.821054513,-0.1573651284,9
1.8542269884,-0.1512065323,9
1.8542269884,-0.1512065323,9
1.8760321716,-0.1524211895,9
1.8760321716,-0.1524211895,9
1.8922609473,-0.1659286643,9
1.8922609473,-0.1659286643,9
1.8846112601,-0.1548748781,9
1.8846112601,-0.1548748781,9
1.9243610366,-0.1474894378,9
1.9243610366,-0.1474894378,9
1.9410187668,-0.1622237569,9
1.9410187668,-0.1622237569,9
1.9356568365,-0.1511699708,9
1.9356568365,-0.1511699708,9
1.9699016979,-0.1609847254,9
1.9699016979,-0.1609847254,9
2.0158713137,-0.1535870978,9
2.0158713137,-0.1535870978,9
2.0594816801,-0.1449748131,9
2.0594816801,-0.1449748131,9
2.0821447721,-0.160940039,9
2.0821447721,-0.160940039,9
2.0744235925,-0.1535627234,9
2.0744235925,-0.1535627234,9
2.1182484361,-0.1486309717,9
2.1182484361,-0.1486309717,9
2.1441286863,-0.157218882,9
2.1441286863,-0.157218882,9
2.1882394996,-0.151060286,9
2.1958891868,-0.1608872278,10
2.2155495979,-0.1559311017,10
2.2155495979,-0.1559311017,10
2.2606613047,-0.1484969126,10
2.2606613047,-0.1484969126,10
2.3040571939,-0.1620775106,10
2.3040571939,-0.1620775106,10
2.356461126,-0.1534042899,10
2.356461126,-0.1534042899,10
2.4054334227,-0.1570888853,10
2.4054334227,-0.1570888853,10
2.4363896336,-0.1583116672,10
2.4363896336,-0.1583116672,10
2.4978016086,-0.145921352,10
2.4978016086,-0.145921352,10
2.5416264522,-0.1632109197,10
2.5416264522,-0.1632109197,10
2.5837354781,-0.1520677608,10
2.5837354781,-0.1520677608,10
2.6352815013,-0.1433945401,10
2.6352815013,-0.1433945401,10
2.6825379803,-0.1569792005,10
2.6825379803,-0.1569792005,10
2.7235746202,-0.1532458564,10
2.7235746202,-0.1532458564,10
2.7682573727,-0.1606475463,10
2.7682573727,-0.1606475463,10
2.8133690795,-0.1569182645,10
2.8133690795,-0.1569182645,10
2.8584807864,-0.1470141371,10
2.8584807864,-0.1470141371,10
2.9070241287,-0.1642915177,10
2.9070241287,-0.1642915177,10
2.9728686327,-0.1543752031,10
2.9728686327,-0.1543752031,10
3.0104736372,-0.1481800455,10
3.0104736372,-0.1481800455,10
3.0663092046,-0.1617525187,10
3.0663092046,-0.1617525187,10
3.1028418231,-0.1518483913,10
3.1028418231,-0.1518483913,10
3.1464521895,-0.1617159571,10
3.1464521895,-0.1617159571,10
3.2001429848,-0.1579866753,10
3.2001429848,-0.1579866753,10
3.2463270777,-0.1493256419,10
3.2463270777,-0.1493256419,10
3.2826452189,-0.1690770231,10
3.2826452189,-0.1690770231,10
3.3337622878,-0.1591647709,10
3.3337622878,-0.1591647709,10
3.3840214477,-0.1566745206,10
3.3840214477,-0.1566745206,10
3.4398570152,-0.1652989925,10
3.4398570152,-0.1652989925,10
3.4725290438,-0.1541720832,10
3.4725290438,-0.1541720832,10
3.5172117962,-0.170218557,10
3.5172117962,-0.170218557,10
3.5758355675,-0.1615453364,10
3.5758355675,-0.1615453364,10
3.6224486148,-0.1541111472,10
3.6224486148,-0.1541111472,10
3.6619839142,-0.1652136822,10
3.6619839142,-0.1652136822,10
3.697873101,-0.1614844004,10
3.697873101,-0.1614844004,10
3.741769437,-0.1614722132,10
3.741769437,-0.1614722132,10
3.7951742627,-0.1651527462,10
3.7951742627,-0.1651527462,10
3.8516532618,-0.157718557,10
3.8516532618,-0.157718557,10
3.8875424486,-0.1762349691,10
3.8875424486,-0.1762349691,10
3.9365147453,-0.1687967176,10
3.9365147453,-0.1687967176,10
3.9792672029,-0.1588966526,10
3.9792672029,-0.1588966526,10
4.0222341376,-0.1774252519,10
4.0222341376,-0.1774252519,10
4.0784986595,-0.1687357816,10
4.0784986595,-0.1687357816,10
4.1212511171,-0.1761374716,10
4.1212511171,-0.1761374716,10
4.1706523682,-0.1687032824,10
4.1706523682,-0.1687032824,10
4.2054691689,-0.1612772181,10
4.2054691689,-0.1612772181,10
4.2516532618,-0.1785545986,10
4.2516532618,-0.1785545986,10
4.2935478105,-0.1711204095,10
4.2935478105,-0.1711204095,10
4.3301519214,-0.1760521612,10
4.3301519214,-0.1760521612,10
4.3972832887,-0.1760277868,10
4.3972832887,-0.1760277868,10
4.4338159071,-0.1648846279,10
4.4338159071,-0.1648846279,10
4.4731367292,-0.1759912252,10
4.4731367292,-0.1759912252,10
4.5215370867,-0.1722619435,10
4.5215370867,-0.1722619435,10
4.5621447721,-0.1660667858,10
4.5621447721,-0.1660667858,10
4.6230563003,-0.1771693208,10
4.6230563003,-0.1771693208,10
4.672028597,-0.1672570686,10
4.672028597,-0.1672570686,10
4.7154244861,-0.179598635,10
4.7154244861,-0.179598635,10
4.7543163539,-0.1758693533,10
4.7543163539,-0.1758693533,10
4.79256479,-0.1684473513,10
4.79256479,-0.1684473513,10
4.8436818588,-0.1795498863,10
4.8436818588,-0.1795498863,10
4.8926541555,-0.1733425414,10
4.8926541555,-0.1733425414,10
4.9399106345,-0.1819792005,10
4.9399106345,-0.1819792005,10
4.9895263628,-0.1745450114,10
4.9895263628,-0.1745450114,10
5.028847185,-0.1708157296,10
5.028847185,-0.1708157296,10
5.084253798,-0.1856272343,10
5.084253798,-0.1856272343,10
5.1154244861,-0.1769621384,10
5.1154244861,-0.1769621384,10
5.1628954424,-0.1719938252,10
5.1628954424,-0.1719938252,10
5.2251653262,-0.1781524212,10
5.2251653262,-0.1781524212,10
5.2552636282,-0.1756621709,10
5.2552636282,-0.1756621709,10
5.3095978552,-0.1879956126,10
5.3095978552,-0.1879956126,10
5.3523503128,-0.1817963926,10
5.3523503128,-0.1817963926,10
5.3963896336,-0.1718963276,10
5.3963896336,-0.1718963276,10
5.4395710456,-0.185480988,10
5.4395710456,-0.185480988,10
5.4874709562,-0.1755646734,10
5.4874709562,-0.1755646734,10
5.538588025,-0.1891371466,10
5.538588025,-0.1891371466,10
5.5927077748,-0.1792330192,10
5.5927077748,-0.1792330192,10
5.6281680071,-0.1742768931,10
5.6281680071,-0.1742768931,10
5.6767113494,-0.1866103347,10
5.6767113494,-0.1866103347,10
5.7192493298,-0.1779452389,10
5.7192493298,-0.1779452389,10
5.7567113494,-0.1878128047,10
5.7567113494,-0.1878128047,10
5.8090437891,-0.1840835229,10
5.8090437891,-0.1840835229,10
5.8648793566,-0.1741672083,10
5.8648793566,-0.1741672083,10
5.9003395889,-0.1914567761,10
5.9003395889,-0.1914567761,10
5.9591778374,-0.1803136172,10
5.9591778374,-0.1803136172,10
6.0106523682,-0.1765883978,10
6.0106523682,-0.1765883978,10
6.0284539768,-0.1839982125,10
6.0284539768,-0.1839982125,10
6.0788561215,-0.1777908677,10
6.0788561215,-0.1777908677,10
6.1409115282,-0.1888812155,10
6.1409115282,-0.1888812155,10
6.1577837355,-0.1851763081,10
6.1577837355,-0.1851763081,10
6.2182663092,-0.174020962,10
6.2182663092,-0.174020962,10
6.2798927614,-0.1925373741,10
6.2798927614,-0.1925373741,10
6.3119213584,-0.1863422164,10
6.3119213584,-0.1863422164,10
6.3478820375,-0.193739844,10
6.3478820375,-0.193739844,10
6.4002859696,-0.1863056549,10
6.4002859696,-0.1863056549,10
6.4481143878,-0.1801104972,10
6.4481143878,-0.1801104972,10
6.4806434316,-0.1949179396,10
6.4806434316,-0.1949179396,10
6.5394101877,-0.1825398115,10
6.5394101877,-0.1825398115,10
6.584950849,-0.1800495613,10
6.584950849,-0.1800495613,10
6.6151206434,-0.1886862203,10
6.6151206434,-0.1886862203,10
6.6718141197,-0.1800129997,10
6.6718141197,-0.1800129997,10
6.7254334227,-0.1960635359,10
6.7254334227,-0.1960635359,10
6.7602502234,-0.1898643159,10
6.7602502234,-0.1898643159,10
6.7987846291,-0.1873740656,10
6.7987846291,-0.1873740656,10
6.8460411081,-0.1910667858,10
6.8460411081,-0.1910667858,10
6.8965147453,-0.184859441,10
6.8965147453,-0.184859441,10
6.941411975,-0.195961976,10
6.941411975,-0.195961976,10
6.981590706,-0.1910099123,10
6.981590706,-0.1910099123,10
7.0437890974,-0.1810935977,10
7.0437890974,-0.1810935977,10
7.066023235,-0.1983831654,10
7.066023235,-0.1983831654,10
7.1177837355,-0.1847741306,10
7.1177837355,-0.1847741306,10
7.1684718499,-0.1983466038,10
7.1684718499,-0.1983466038,10
7.2193744415,-0.1933782905,10
7.2193744415,-0.1933782905,10
7.2460411081,-0.1847131947,10
7.2460411081,-0.1847131947,10
7.2971581769,-0.2019905752,10
7.2971581769,-0.2019905752,10
7.3549240393,-0.1871425089,10
7.3549240393,-0.1871425089,10
7.3841644325,-0.1970222619,10
7.3841644325,-0.1970222619,10
7.4538695264,-0.1920376991,10
7.4538695264,-0.1920376991,10
7.4959785523,-0.1895515112,10
7.4959785523,-0.1895515112,10
7.5300089366,-0.1920173871,10
7.5300089366,-0.1920173871,10
7.5821983914,-0.1870490738,10
7.5821983914,-0.1870490738,10
7.6264521895,-0.1944467013,10
7.6264521895,-0.1944467013,10
7.6653440572,-0.1993662658,10
7.6653440572,-0.1993662658,10
7.708310992,-0.1894621384,10
7.708310992,-0.1894621384,10
7.7620017873,-0.2055126747,10
7.7620017873,-0.2055126747,10
7.8049687221,-0.1980784855,10
7.8049687221,-0.1980784855,10
7.8353529937,-0.1931223594,10
7.8353529937,-0.1931223594,10
7.8889722967,-0.2017468313,10
7.8889722967,-0.2017468313,10
7.9448078642,-0.1930736107,10
7.9448078642,-0.1930736107,10
7.9785522788,-0.194300455,10
7.9785522788,-0.194300455,10
8.036103664,-0.1992078323,10
8.036103664,-0.1992078323,10
8.0728507596,-0.1930248619,10
8.0728507596,-0.1930248619,10
8.1455585344,-0.2053420539,10
8.1455585344,-0.2053420539,10
8.1658623771,-0.1954541761,10
8.1658623771,-0.1954541761,10
8.2274173369,-0.2077876178,10
8.2274173369,-0.2077876178,10
8.2806791778,-0.2028152421,10
8.2806791778,-0.2028152421,10
8.3076318141,-0.1941542086,10
8.3076318141,-0.1941542086,10
8.3508132261,-0.2052567436,10
8.3508132261,-0.2052567436,10
8.4025737265,-0.199061586,10
8.4025737265,-0.199061586,10
8.4474709562,-0.2027421189,10
8.4474709562,-0.2027421189,10
8.4927971403,-0.2051958076,10
8.4927971403,-0.2051958076,10
8.5355495979,-0.1977616185,10
8.5355495979,-0.1977616185,10
8.5958176944,-0.2125731232,10
8.5958176944,-0.2125731232,10
8.6199821269,-0.2014421514,10
8.6199821269,-0.2014421514,10
8.6747453083,-0.2150146246,10
8.6747453083,-0.2150146246,10
8.7461662198,-0.2051023724,10
8.7461662198,-0.2051023724,10
8.7829133155,-0.2013690283,10
8.7829133155,-0.2013690283,10
8.810080429,-0.2124878128,10
8.810080429,-0.2124878128,10
8.8618409294,-0.2050536237,10
8.8618409294,-0.2050536237,10
8.9221090259,-0.2161439714,10
8.9221090259,-0.2161439714,10
8.9462734584,-0.2111878453,10
8.9462734584,-0.2111878453,10
8.9913851653,-0.2025268118,10
8.9913851653,-0.2025268118,10
9.050437891,-0.2136171596,10
9.050437891,-0.2136171596,10
9.0824664879,-0.2074220019,10
9.0824664879,-0.2074220019,10
9.1327256479,-0.2185245369,10
9.1327256479,-0.2185245369,10
9.1769794459,-0.2147952551,10
9.1769794459,-0.2147952551,10
9.2259517426,-0.2048911277,10
9.2259517426,-0.2048911277,10
9.2518319929,-0.2147708807,10
9.2518319929,-0.2147708807,10
9.3155317248,-0.2135074748,10
9.3155317248,-0.2135074748,10
9.3542091153,-0.2246100097,10
9.3542091153,-0.2246100097,10
9.3813762288,-0.2184148521,10
9.3813762288,-0.2184148521,10
9.4211260054,-0.2109928502,10
9.4211260054,-0.2109928502,10
9.4861840929,-0.2159002275,10
9.4861840929,-0.2159002275,10
9.5340840036,-0.2109441014,10
9.5340840036,-0.2109441014,10
9.5678284182,-0.2220506987,10
9.5678284182,-0.2220506987,10
9.606720286,-0.2195563861,10
9.606720286,-0.2195563861,10
9.661054513,-0.2108831654,10
9.661054513,-0.2108831654,10
9.6869347632,-0.2232409815,10
9.6869347632,-0.2232409815,10
9.7386952636,-0.2133246669,10
9.7386952636,-0.2133246669,10
9.7912421805,-0.2256702957,10
9.7912421805,-0.2256702957,10
9.8303485255,-0.2182320442,10
9.8303485255,-0.2182320442,10
9.8447184987,-0.2169930127,10
9.8447184987,-0.2169930127,10
9.9049865952,-0.2268483913,10
9.9049865952,-0.2268483913,10
9.9450223414,-0.2181832954,10
9.9450223414,-0.2181832954,10
9.9907059875,-0.2144540136,10
9.9907059875,-0.2144540136,10
10.0352457551,-0.2243337667,10
10.0352457551,-0.2243337667,10
10.0826452189,-0.2144174521,10
10.0826452189,-0.2144174521,10
10.1102412869,-0.2317070198,10
10.1102412869,-0.2317070198,10
10.148489723,-0.2181020474,10
10.148489723,-0.2181020474,10
10.200893655,-0.2329094898,10
10.200893655,-0.2329094898,10
10.2272028597,-0.2242484563,10
10.2272028597,-0.2242484563,10
10.2746738159,-0.2168102047,10
10.2746738159,-0.2168102047,10
10.3312957998,-0.225438739,10
10.3312957998,-0.225438739,10
10.3734763181,-0.2217094573,10
10.3734763181,-0.2217094573,10
10.4038605898,-0.2340632109,10
10.4038605898,-0.2340632109,10
10.440178731,-0.2303339292,10
10.440178731,-0.2303339292,10
10.4968007149,-0.22289974,10
10.4968007149,-0.22289974,10
10.5248257373,-0.2278314917,10
10.5248257373,-0.2278314917,10
10.5600714924,-0.2241022099,10
10.5600714924,-0.2241022099,10
10.6099016979,-0.2401486838,10
10.6099016979,-0.2401486838,10
10.6529401251,-0.2277705557,10
10.6529401251,-0.2277705557,10
10.6631635389,-0.2376624959,10
10.6631635389,-0.2376624959,10
10.7292225201,-0.2326901202,10
10.7292225201,-0.2326901202,10
10.7799106345,-0.2264827754,10
10.7799106345,-0.2264827754,10
10.7875603217,-0.2413186545,10
10.7875603217,-0.2413186545,10
10.818588025,-0.2314145271,10
10.818588025,-0.2314145271,10
10.8774262735,-0.2326169971,10
10.8774262735,-0.2326169971,10
10.9060947274,-0.2338438414,10
10.9060947274,-0.2338438414,10
10.930616622,-0.2288877153,10
10.930616622,-0.2288877153,10
10.9830205541,-0.2449382515,10
10.9830205541,-0.2449382515,10
11.0420017873,-0.2276121222,10
11.0420017873,-0.2276121222,10
11.0345665773,-0.2412089698,10
11.0345665773,-0.2412089698,10
11.090974084,-0.2387187195,10
11.090974084,-0.2387187195,10
11.1292940125,-0.2288145921,10
11.1292940125,-0.2288145921,10
11.1498123324,-0.241160221,10
11.1498123324,-0.241160221,10
11.1891331546,-0.2300170621,10
11.1891331546,-0.2300170621,10
11.2242359249,-0.2485456614,10
11.2242359249,-0.2485456614,10
11.2594816801,-0.2398846279,10
11.2594816801,-0.2398846279,10
11.2765683646,-0.2299805005,10
11.2765683646,-0.2299805005,10
11.3186773905,-0.2398602535,10
11.3186773905,-0.2398602535,10
11.349919571,-0.2349041274,10
11.349919571,-0.2349041274,10
11.3689365505,-0.244779818,10
11.3689365505,-0.244779818,10
11.3933154602,-0.2410627234,10
11.3933154602,-0.2410627234,10
11.4459338695,-0.2472091323,10
11.4459338695,-0.2472091323,10
11.4767470956,-0.2484359766,10
11.4767470956,-0.2484359766,10
11.4801072386,-0.2348431914,10
11.4801072386,-0.2348431914,10
11.5245755139,-0.2459457264,10
11.5245755139,-0.2459457264,10
11.5639678284,-0.2360456614,10
11.5639678284,-0.2360456614,10
11.5633243968,-0.2533433539,10
11.5633243968,-0.2533433539,10
11.5934226988,-0.2471481963,10
11.5934226988,-0.2471481963,10
11.6471134942,-0.2347700682,10
11.6471134942,-0.2347700682,10
11.6721358356,-0.2483506662,10
11.6721358356,-0.2483506662,10
11.6736371761,-0.23970182,10
11.6736371761,-0.23970182,10
11.7048793566,-0.2545255119,10
11.7048793566,-0.2545255119,10
11.716818588,-0.2495653234,10
11.716818588,-0.2495653234,10
11.7105987489,-0.2396896328,10
11.7105987489,-0.2396896328,10
11.7131724754,-0.2520474488,10
11.7131724754,-0.2520474488,10
11.7105987489,-0.2458726032,10
11.7105987489,-0.2458726032,10
11.716818588,-0.2557523562,10
11.716818588,-0.2557523562,10
11.7289722967,-0.245860416,10
11.7289722967,-0.245860416,10
11.7193923146,-0.2409164771,10
11.7193923146,-0.2409164771,10
11.7230384272,-0.2532702307,10
11.7230384272,-0.2532702307,10
11.7204647006,-0.245860416,10
11.7204647006,-0.245860416,10
11.7230384272,-0.2594572636,10
11.7230384272,-0.2594572636,10
11.7193923146,-0.2495653234,10
11.7193923146,-0.2495653234,10
11.7253976765,-0.2532702307,10
11.7253976765,-0.2532702307,10
11.7217515639,-0.2545133247,10
11.7217515639,-0.2545133247,10
11.7181054513,-0.245860416,10
11.7181054513,-0.245860416,10
11.7230384272,-0.2631621709,10
11.7230384272,-0.2631621709,10
11.7253976765,-0.2483262918,10
11.7253976765,-0.2483262918,10
11.7241108132,-0.2619353266,10
11.7241108132,-0.2619353266,10
11.7266845398,-0.2520474488,10
11.7266845398,-0.2520474488,10
11.7351921358,-0.2433823529,10
11.7351921358,-0.2433823529,10
11.7289722967,-0.2557523562,10
11.7289722967,-0.2557523562,10
11.7241108132,-0.2508043549,10
11.7241108132,-0.2508043549,10
11.7351921358,-0.2631621709,10
11.7351921358,-0.2631621709,10
11.7339052726,-0.2532702307,10
11.7339052726,-0.2532702307,10
11.7266845398,-0.265640234,10
11.7266845398,-0.265640234,10
11.7401251117,-0.2569792005,10
11.7401251117,-0.2569792005,10
11.73025916,-0.2495653234,10
11.73025916,-0.2495653234,10
11.7351921358,-0.2644012025,10
11.7351921358,-0.2644012025,10
11.7315460232,-0.2545133247,10
11.7315460232,-0.2545133247,10
11.7339052726,-0.2681061098,10
11.7339052726,-0.2681061098,10
11.7375513852,-0.255740169,10
11.7375513852,-0.255740169,10
11.7364789991,-0.258218232,10
11.7364789991,-0.258218232,10
11.7401251117,-0.2619231394,10
11.7401251117,-0.2619231394,10
11.7401251117,-0.2545133247,10
11.7401251117,-0.2545133247,10
11.7339052726,-0.2730500487,10
11.7339052726,-0.2730500487,10
11.742484361,-0.2569792005,10
11.742484361,-0.2569792005,10
11.7364789991,-0.2705719857,10
11.7364789991,-0.2705719857,10
11.7375513852,-0.2644012025,10
11.7375513852,-0.2644012025,10
11.7375513852,-0.2532702307,10
11.7375513852,-0.2532702307,10
11.7401251117,-0.2693329542,10
11.7401251117,-0.2693329542,10
11.7375513852,-0.2606841079,10
11.7375513852,-0.2606841079,10
11.7388382484,-0.2730500487,10
11.7388382484,-0.2730500487,10
11.742484361,-0.2643890153,10
11.742484361,-0.2643890153,10
11.7401251117,-0.2742768931,10
11.7401251117,-0.2742768931,10
11.7437712243,-0.2656280468,10
11.7437712243,-0.2656280468,10
11.7450580876,-0.2569792005,10
11.7450580876,-0.2569792005,10
11.7450580876,-0.2755159246,10
11.7450580876,-0.2755159246,10
11.7461304736,-0.2631621709,10
11.7461304736,-0.2631621709,10
11.7450580876,-0.2742768931,10
11.7450580876,-0.2742768931,10
11.7401251117,-0.2718110172,10
11.7401251117,-0.2718110172,10
11.7401251117,-0.2693329542,10
11.7401251117,-0.2693329542,10
11.742484361,-0.2730378616,10
11.742484361,-0.2730378616,10
11.7536371761,-0.2619231394,10
11.7536371761,-0.2619231394,10
11.7546380697,-0.2767468313,10
11.7546380697,-0.2767468313,10
11.7546380697,-0.2668548911,10
11.7546380697,-0.2668548911,10
11.7486327078,-0.279220832,10
11.7486327078,-0.279220832,10
11.7497765862,-0.2755159246,10
11.7497765862,-0.2755159246,10
11.7375513852,-0.2619231394,10
11.7375513852,-0.2619231394,10
11.7375513852,-0.2755159246,10
11.7375513852,-0.2755159246,10
11.7401251117,-0.2705719857,10
11.7401251117,-0.2705719857,10
11.7375513852,-0.2841688333,10
11.7375513852,-0.2841688333,10
11.7388382484,-0.2755159246,10
11.7388382484,-0.2755159246,10
11.742484361,-0.2742768931,10
11.742484361,-0.2742768931,10
11.7401251117,-0.2742768931,10
11.7401251117,-0.2742768931,10
11.7437712243,-0.2718110172,10
11.7437712243,-0.2718110172,10
11.7450580876,-0.279220832,10
11.7450580876,-0.279220832,10
11.7450580876,-0.2730378616,10
11.7450580876,-0.2730378616,10
11.7461304736,-0.2853956776,10
11.7461304736,-0.2853956776,10
11.7450580876,-0.279220832,10
11.7450580876,-0.279220832,10
11.7401251117,-0.2718110172,10
11.7401251117,-0.2718110172,10
11.7401251117,-0.2804598635,10
11.7401251117,-0.2804598635,10
11.742484361,-0.2742768931,10
11.742484361,-0.2742768931,10
11.7536371761,-0.2816907702,10
11.7536371761,-0.2816907702,10
11.7546380697,-0.2767468313,10
11.7546380697,-0.2767468313,10
11.7546380697,-0.2878737407,10
11.7546380697,-0.2878737407,10
11.7486327078,-0.2853956776,10
11.7486327078,-0.2853956776,10
11.7497765862,-0.291578648,10
11.7497765862,-0.291578648,10
11.7375513852,-0.2878737407,10
11.7375513852,-0.2878737407,10
11.7375513852,-0.2866347091,10
11.7375513852,-0.2866347091,10
11.7401251117,-0.29900065,10
11.7401251117,-0.29900065,10
11.7375513852,-0.2866347091,10
11.7375513852,-0.2866347091,10
11.7388382484,-0.2854078648,10
11.7388382484,-0.2854078648,10
11.742484361,-0.2977616185,10
11.742484361,-0.2977616185,10
11.7401251117,-0.3039486513,10
11.7401251117,-0.3039486513,10
11.7437712243,-0.3051754956,10
11.7437712243,-0.3051754956,10
11.7450580876,-0.2903396165,10
11.7450580876,-0.2903396165,10
11.7450580876,-0.311358466,10
11.7450580876,-0.311358466,10
11.7461304736,-0.2989884628,10
11.7461304736,-0.2989884628,10
11.7450580876,-0.3125853104,10
11.7450580876,-0.3125853104,10
11.7401251117,-0.3064145271,10
11.7401251117,-0.3064145271,10
11.7401251117,-0.2952835554,10
11.7401251117,-0.2952835554,10
11.742484361,-0.308880403,10
11.742484361,-0.308880403,10
11.7536371761,-0.3002274943,10
11.7536371761,-0.3002274943,10
11.7546380697,-0.3175292493,10
11.7546380697,-0.3175292493,10
11.7546380697,-0.3064023399,10
11.7546380697,-0.3064023399,10
11.7486327078,-0.3101194345,10
11.7486327078,-0.3101194345,10
11.7497765862,-0.3150633734,10
11.7497765862,-0.3150633734,10
11.7375513852,-0.3039486513,10
11.7375513852,-0.3039486513,10
11.7375513852,-0.3150633734,10
11.7375513852,-0.3150633734,10
11.7401251117,-0.3101194345,10
11.7401251117,-0.3101194345,10
11.7375513852,-0.3224853754,10
11.7375513852,-0.3224853754,10
11.7388382484,-0.308880403,10
11.7388382484,-0.308880403,10
11.742484361,-0.3163024049,10
11.742484361,-0.3163024049,10
11.7401251117,-0.3163024049,10
11.7401251117,-0.3163024049,10
11.7437712243,-0.3125853104,10
11.7437712243,-0.3125853104,10
11.7450580876,-0.3212463438,10
11.7450580876,-0.3212463438,10
11.7450580876,-0.2965225869,10
11.7450580876,-0.2965225869,10
11.7461304736,-0.3138243419,10
11.7461304736,-0.3138243419,10
11.7450580876,-0.3101194345,10
11.7450580876,-0.3101194345,10
11.7401251117,-0.3150633734,10
11.7401251117,-0.3150633734,10
11.7401251117,-0.311358466,10
11.7401251117,-0.311358466,10
11.742484361,-0.3175292493,10
11.742484361,-0.3175292493,10
11.7536371761,-0.3002274943,10
11.7536371761,-0.3002274943,10
11.7546380697,-0.3076413715,10
11.7546380697,-0.3076413715,10
11.7546380697,-0.3026933702,10
11.7546380697,-0.3026933702,10
11.7486327078,-0.2989884628,10
11.7486327078,-0.2989884628,10
11.7497765862,-0.3175292493,10
11.7497765862,-0.3175292493,10
11.7375513852,-0.3064145271,10
11.7375513852,-0.3064145271,10
11.7375513852,-0.3150633734,10
11.7375513852,-0.3150633734,10
11.7401251117,-0.3076535587,10
11.7401251117,-0.3076535587,10
11.7375513852,-0.3125974976,10
11.7375513852,-0.3125974976,10
11.7388382484,-0.3125974976,10
11.7388382484,-0.3125974976,10
11.742484361,-0.29900065,10
11.742484361,-0.29900065,10
11.7401251117,-0.311358466,10
11.7401251117,-0.311358466,10
11.7437712243,-0.3027096198,10
11.7437712243,-0.3027096198,10
11.7450580876,-0.3200073123,10
11.7450580876,-0.3200073123,10
11.7450580876,-0.3051754956,10
11.7450580876,-0.3051754956,10
11.7461304736,-0.3064145271,10
11.7461304736,-0.3064145271,10
11.7450580876,-0.3163024049,10
11.7450580876,-0.3163024049,10
11.7401251117,-0.3002274943,10
11.7401251117,-0.3002274943,10
11.7401251117,-0.3212463438,10
11.7401251117,-0.3212463438,10
11.742484361,-0.3051754956,10
11.742484361,-0.3051754956,10
11.7536371761,-0.3125853104,10
11.7536371761,-0.3125853104,10
11.7546380697,-0.3101194345,10
11.7546380697,-0.3101194345,10
11.7546380697,-0.3187682808,10
11.7546380697,-0.3187682808,10
11.7486327078,-0.3150633734,10
11.7486327078,-0.3150633734,10
11.7497765862,-0.3064145271,10
11.7497765862,-0.3064145271,10
11.7375513852,-0.3138243419,10
11.7375513852,-0.3138243419,10
11.7375513852,-0.3088925902,10
11.7375513852,-0.3088925902,10
11.7401251117,-0.3175414365,10
11.7401251117,-0.3175414365,10
11.7375513852,-0.3076535587,10
11.7375513852,-0.3076535587,10
11.7388382484,-0.3064145271,10
11.7388382484,-0.3064145271,10
11.742484361,-0.3163024049,10
11.742484361,-0.3163024049,10
11.7401251117,-0.3064145271,10
11.7401251117,-0.3064145271,10
11.7437712243,-0.3224731882,10
11.7437712243,-0.3224731882,10
11.7450580876,-0.3101194345,10
11.7450580876,-0.3101194345,10
11.7450580876,-0.3237122197,10
11.7450580876,-0.3237122197,10
11.7461304736,-0.3101194345,10
11.7461304736,-0.3101194345,10
11.7450580876,-0.3101194345,10
11.7450580876,-0.3101194345,10
11.7401251117,-0.3150633734,10
11.7401251117,-0.3150633734,10
11.7401251117,-0.3051754956,10
11.7401251117,-0.3051754956,10
11.742484361,-0.3200073123,10
11.742484361,-0.3200073123,10
11.7536371761,-0.3064145271,10
11.7536371761,-0.3064145271,10
11.7546380697,-0.3224731882,10
11.7546380697,-0.3224731882,10
11.7546380697,-0.308880403,10
11.7546380697,-0.308880403,10
11.7486327078,-0.3175292493,10
11.7486327078,-0.3175292493,10
11.7497765862,-0.3101194345,10
11.7497765862,-0.3101194345,10
11.7375513852,-0.3101194345,10
11.7375513852,-0.3101194345,10
11.7375513852,-0.3261902827,10
11.7375513852,-0.3261902827,10
11.7401251117,-0.3101194345,10
11.7401251117,-0.3101194345,10
11.7375513852,-0.3175414365,10
11.7375513852,-0.3175414365,10
11.7388382484,-0.3150633734,10
11.7388382484,-0.3150633734,10
11.742484361,-0.3014705882,10
11.742484361,-0.3014705882,10
11.7401251117,-0.3187682808,10
11.7401251117,-0.3187682808,10
11.7437712243,-0.3064145271,10
11.7437712243,-0.3064145271,10
11.7450580876,-0.3138243419,10
11.7450580876,-0.3138243419,10
11.7450580876,-0.3076535587,10
11.7450580876,-0.3076535587,10
11.7461304736,-0.3200073123,10
11.7461304736,-0.3200073123,10
11.7450580876,-0.3101194345,10
11.7450580876,-0.3101194345,10
11.7401251117,-0.3212463438,10
11.7401251117,-0.3212463438,10
11.7401251117,-0.3138243419,10
11.7401251117,-0.3138243419,10
11.742484361,-0.3051754956,10
11.742484361,-0.3051754956,10
11.7536371761,-0.3200073123,10
11.7536371761,-0.3200073123,10
11.7546380697,-0.3051754956,10
11.7546380697,-0.3051754956,10
11.7546380697,-0.3224731882,10
11.7546380697,-0.3224731882,10
11.7486327078,-0.3150633734,10
11.7486327078,-0.3150633734,10
11.7497765862,-0.3051754956,10
11.7497765862,-0.3051754956,10
11.7375513852,-0.3175414365,10
11.7375513852,-0.3175414365,10
11.7375513852,-0.3064145271,10
11.7375513852,-0.3064145271,10
11.7401251117,-0.3163024049,10
11.7401251117,-0.3163024049,10
11.7375513852,-0.3076535587,10
11.7375513852,-0.3076535587,10
11.7388382484,-0.3200073123,10
11.7388382484,-0.3200073123,10
11.742484361,-0.311358466,10
11.742484361,-0.311358466,10
11.7401251117,-0.3187682808,10
11.7401251117,-0.3187682808,10
11.7437712243,-0.3125853104,10
11.7437712243,-0.3125853104,10
11.7450580876,-0.3051754956,10
11.7450580876,-0.3051754956,10
11.7450580876,-0.3249512512,10
11.7450580876,-0.3249512512,10
11.7461304736,-0.3125853104,10
11.7461304736,-0.3125853104,10
11.7450580876,-0.3274171271,10
11.7450580876,-0.3274171271,10
11.7401251117,-0.3348431914,10
11.7401251117,-0.3348431914,10
11.7401251117,-0.3422530062,10
11.7401251117,-0.3422530062,10
11.742484361,-0.3336041599,10
11.742484361,-0.3336041599,10
11.7536371761,-0.3064145271,10
